Date,Open,High,Low,Close,Adj Close,Volume,Stock Name,Sentiment_Score_transformed,Return,Backward_Volatility,Forward_Volatility,Sentiment_lag_1,Sentiment_lag_2,Sentiment_lag_3,Sentiment_lag_4,Sentiment_lag_5,Response,Response_lag_1,Response_lag_2,Response_lag_3,Response_lag_4,Response_lag_5,Sum_of_lagged_response
2021-09-30,143.6600037,144.3800049,141.2799988,141.5,140.4784851,89056700,AAPL,0.0,,,,0.0,0.0,0.0,0.0,0.0,,,,,,,
2021-10-01,141.8999939,142.9199982,139.1100006,142.6499939,141.620163,94639600,AAPL,0.0,0.008127165371024647,,0.015492605633066085,0.0,0.0,0.0,0.0,0.0,0,,,,,,
2021-10-04,141.7599945,142.2100067,138.2700043,139.1399994,138.1355133,98322000,AAPL,0.0,-0.024605640729718936,,0.015285821693508785,0.0,0.0,0.0,0.0,0.0,0,0,,,,,
2021-10-05,139.4900055,142.2400055,139.3600006,141.1100006,140.0912781,80861100,AAPL,0.0,0.014158410295350476,,0.0069516276837698196,0.0,0.0,0.0,0.0,0.0,0,0,0,,,,
2021-10-06,139.4700012,142.1499939,138.3699951,142.0,140.9748688,83221100,AAPL,0.0,0.006307131997843607,,0.0072672505227190124,0.0,0.0,0.0,0.0,0.0,0,0,0,0,,,
2021-10-07,143.0599976,144.2200012,142.7200012,143.2899933,142.2555542,61732700,AAPL,0.0,0.009084459859154848,,0.0067005870637725186,0.0,0.0,0.0,0.0,0.0,1,0,0,0,0,,
2021-10-08,144.0299988,144.1799927,142.5599976,142.8999939,141.8683624,58773200,AAPL,0.0,-0.0027217490280948553,0.015492605633066087,0.011349317823623107,0.0,0.0,0.0,0.0,0.0,0,1,0,0,0,0,1
2021-10-11,142.2700043,144.8099976,141.8099976,142.8099976,141.779007,64452200,AAPL,0.2530590891838074,-0.0006297851913343866,0.015285821693508787,0.01149842114649714,0.2530590891838074,0.2530590891838074,0.2530590891838074,0.2530590891838074,0.2530590891838074,1,0,1,0,0,0,1
2021-10-12,143.2299957,143.25,141.0399933,141.5099945,140.4884033,73035900,AAPL,0.0,-0.009103025851461832,0.00695162768376982,0.011920977888855712,0.0,0.0,0.0,0.0,0.0,0,1,0,1,0,0,2
2021-10-13,141.2400055,141.3999939,139.1999969,140.9100037,139.892746,78762700,AAPL,0.0,-0.0042399181917853745,0.007267250522719014,0.009254271618277193,0.0,0.0,0.0,0.0,0.0,0,0,1,0,1,0,2
2021-10-14,142.1100006,143.8800049,141.5099945,143.7599945,142.722168,69907100,AAPL,0.5355488061904907,0.020225610142397654,0.006700587063772519,0.0065410509124889295,0.5355488061904907,0.5355488061904907,0.5355488061904907,0.5355488061904907,0.5355488061904907,0,0,0,1,0,1,2
2021-10-15,143.7700043,144.8999939,143.5099945,144.8399963,143.7943573,67940300,AAPL,0.0,0.0075125336763977035,0.011349317823623107,0.0056754714994550004,0.0,0.0,0.0,0.0,0.0,1,0,0,0,1,0,1
2021-10-18,143.4499969,146.8399963,143.1600037,146.5500031,145.4920197,85589200,AAPL,0.0,0.0118061781530161,0.01149842114649714,0.008191752477935814,0.0,0.0,0.0,0.0,0.0,1,1,0,0,0,1,2
2021-10-19,147.0099945,149.1699982,146.5500031,148.7599945,147.6860809,76378900,AAPL,0.29143333435058594,0.015080118411816112,0.011920977888855712,0.007550826517926159,0.29143333435058594,0.29143333435058594,0.29143333435058594,0.29143333435058594,0.29143333435058594,1,1,1,0,0,0,2
2021-10-20,148.6999969,149.75,148.1199951,149.2599945,148.1824646,58418800,AAPL,0.0,0.003361118704531707,0.009254271618277191,0.0038591416533578105,0.0,0.0,0.0,0.0,0.0,1,1,1,1,0,0,3
2021-10-21,148.8099976,149.6399994,147.8699951,149.4799957,148.4008789,61421000,AAPL,0.0,0.0014739461885748817,0.006541050912488928,0.003859188937433822,0.0,0.0,0.0,0.0,0.0,0,1,1,1,1,0,4
2021-10-22,149.6900024,150.1799927,148.6399994,148.6900024,147.6165771,58883400,AAPL,0.0,-0.005284943288234145,0.005675471499454998,0.012216308847602182,0.0,0.0,0.0,0.0,0.0,0,0,1,1,1,1,4
2021-10-25,148.6799927,149.3699951,147.6199951,148.6399994,147.5669403,50720600,AAPL,0.0,-0.00033629026291548403,0.008191752477935813,0.01559318742671207,0.0,0.0,0.0,0.0,0.0,1,0,0,1,1,1,3
2021-10-26,149.3300018,150.8399963,149.0099945,149.3200073,148.2420197,60893400,AAPL,0.0,0.00457486479241731,0.007550826517926157,0.015930137053156233,0.0,0.0,0.0,0.0,0.0,0,1,0,0,1,1,3
2021-10-27,149.3600006,149.7299957,148.4900055,148.8500061,147.7754211,56094900,AAPL,0.0,-0.003147610347056129,0.003859141653357807,0.0161306697841981,0.0,0.0,0.0,0.0,0.0,0,0,1,0,0,1,2
2021-10-28,149.8200073,153.1699982,149.7200012,152.5700073,151.4685669,100077900,AAPL,0.0,0.024991609321808328,0.0038591889374338184,0.016328406368027973,0.0,0.0,0.0,0.0,0.0,1,0,0,1,0,0,1
2021-10-29,147.2200012,149.9400024,146.4100037,149.8000031,148.7185669,124953200,AAPL,0.0,-0.01815562736752907,0.01221630884760218,0.01116411928794238,0.0,0.0,0.0,0.0,0.0,0,1,0,0,1,0,2
2021-11-01,148.9900055,149.6999969,147.8000031,148.9600067,147.8846436,74588300,AAPL,0.0,-0.00560745248742911,0.01559318742671207,0.006616532579528294,0.0,0.0,0.0,0.0,0.0,1,0,1,0,0,1,2
2021-11-02,148.6600037,151.5700073,148.6499939,150.0200043,148.9369812,69122000,AAPL,0.0,0.007115987864680928,0.015930137053156233,0.006600820491688406,0.0,0.0,0.0,0.0,0.0,0,1,0,1,0,0,2
2021-11-03,150.3899994,151.9700012,149.8200073,151.4900055,150.3963623,54511500,AAPL,0.0,0.00979870122560711,0.0161306697841981,0.0059990230901626005,0.0,0.0,0.0,0.0,0.0,1,0,1,0,1,0,2
2021-11-04,151.5800018,152.4299927,150.6399994,150.9600067,149.8701935,60394600,AAPL,0.0,-0.0034985727160725677,0.016328406368027973,0.008790849202519565,0.0,0.0,0.0,0.0,0.0,0,1,0,1,0,1,3
2021-11-05,151.8899994,152.1999969,150.0599976,151.2799988,150.407074,65463900,AAPL,0.0,0.002119714399827055,0.01116411928794238,0.0090121101922148,0.0,0.0,0.0,0.0,0.0,1,0,1,0,1,0,2
2021-11-08,151.4100037,151.5700073,150.1600037,150.4400024,149.5719147,55020900,AAPL,0.0,-0.0055525939097244015,0.006616532579528294,0.012207929107263695,0.0,0.0,0.0,0.0,0.0,0,1,0,1,0,1,3
2021-11-09,150.1999969,151.4299927,150.0599976,150.8099976,149.9397888,56787900,AAPL,0.0,0.0024594203276882,0.006600820491688405,0.01201615822068274,0.0,0.0,0.0,0.0,0.0,1,0,1,0,1,0,2
2021-11-10,150.0200043,150.1300049,147.8500061,147.9199982,147.066452,65187100,AAPL,0.8329088985919952,-0.019163181791602923,0.0059990230901626,0.012418207749337527,0.8329088985919952,0.8329088985919952,0.8329088985919952,0.8329088985919952,0.8329088985919952,0,1,0,1,0,1,3
2021-11-11,148.9600067,149.4299927,147.6799927,147.8699951,147.0167542,41000000,AAPL,0.0,-0.00033804151303729046,0.008790849202519565,0.007825202881205534,0.0,0.0,0.0,0.0,0.0,0,0,1,0,1,0,2
2021-11-12,148.4299927,150.3999939,147.4799957,149.9900055,149.124527,63804000,AAPL,0.0,0.014336988369860304,0.0090121101922148,0.010752651442791068,0.0,0.0,0.0,0.0,0.0,1,0,0,1,0,1,2
2021-11-15,150.3699951,151.8800049,149.4299927,150.0,149.1344604,59222800,AAPL,0.0,0.00006663443985277517,0.012207929107263695,0.01088518661145143,0.0,0.0,0.0,0.0,0.0,1,1,0,0,1,0,2
2021-11-16,149.9400024,151.4900055,149.3399963,151.0,150.1286774,59256200,AAPL,0.0,0.006666666666666599,0.01201615822068274,0.01002773880977787,0.0,0.0,0.0,0.0,0.0,0,1,1,0,0,1,3
2021-11-17,151.0,155.0,150.9900055,153.4900055,152.6043091,88807000,AAPL,0.0,0.01649010264900652,0.012418207749337527,0.0109726938492366,0.0,0.0,0.0,0.0,0.0,1,0,1,1,0,0,2
2021-11-18,153.7100067,158.6699982,153.0500031,157.8699951,156.9590454,137827700,AAPL,0.0,0.028535992201785598,0.007825202881205535,0.011633666161224876,0.0,0.0,0.0,0.0,0.0,1,1,0,1,1,0,3
2021-11-19,157.6499939,161.0200043,156.5299988,160.5500031,159.6235657,117305600,AAPL,0.0,0.016976044107066546,0.010752651442791068,0.018093918728547598,0.0,0.0,0.0,0.0,0.0,1,1,1,0,1,1,4
2021-11-22,161.6799927,165.6999969,161.0,161.0200043,160.0908661,117467900,AAPL,0.2531563341617584,0.0029274443533162664,0.01088518661145143,0.019409553622489962,0.2531563341617584,0.2531563341617584,0.2531563341617584,0.2531563341617584,0.2531563341617584,1,1,1,1,0,1,4
2021-11-23,161.1199951,161.8000031,159.0599976,161.4100037,160.4786224,96041900,AAPL,0.2933526635169983,0.0024220555805809507,0.01002773880977787,0.024211363872378086,0.2933526635169983,0.2933526635169983,0.2933526635169983,0.2933526635169983,0.2933526635169983,1,1,1,1,1,0,4
2021-11-24,160.75,162.1399994,159.6399994,161.9400024,161.0055695,69463600,AAPL,0.0,0.003283555466518928,0.0109726938492366,0.02451888079005579,0.0,0.0,0.0,0.0,0.0,1,1,1,1,1,1,5
2021-11-26,159.5700073,160.4499969,156.3600006,156.8099976,155.9051666,76959800,AAPL,0.0,-0.03167842857831149,0.011633666161224876,0.024980221965663574,0.0,0.0,0.0,0.0,0.0,0,1,1,1,1,1,5
2021-11-29,159.3699951,161.1900024,158.7899933,160.2400055,159.3153687,88748200,AAPL,0.0,0.021873655713900764,0.018093918728547598,0.019046581728480005,0.0,0.0,0.0,0.0,0.0,1,0,1,1,1,1,4
2021-11-30,159.9900055,165.5200043,159.9199982,165.3000031,164.3461761,174048100,AAPL,0.0,0.03157761748828691,0.01940955362248996,0.01897221464396159,0.0,0.0,0.0,0.0,0.0,1,1,0,1,1,1,4
2021-12-01,167.4799957,170.3000031,164.5299988,164.7700043,163.8192444,152052500,AAPL,0.0,-0.003206284271388471,0.024211363872378083,0.020288739231424085,0.0,0.0,0.0,0.0,0.0,0,1,1,0,1,1,4
2021-12-02,158.7400055,164.1999969,157.8000031,163.7599945,162.8150635,136739200,AAPL,0.0,-0.0061298159473314184,0.024518880790055788,0.020292504080383657,0.0,0.0,0.0,0.0,0.0,0,0,1,1,0,1,3
2021-12-03,164.0200043,164.9600067,159.7200012,161.8399963,160.9061127,118023100,AAPL,0.0,-0.01172446424331075,0.02498022196566357,0.019609858222371972,0.0,0.0,0.0,0.0,0.0,1,0,0,1,1,0,2
2021-12-06,164.2899933,167.8800049,164.2799988,165.3200073,164.3660583,107497000,AAPL,0.0,0.02150278719451504,0.019046581728480002,0.01445570672732319,0.0,0.0,0.0,0.0,0.0,1,1,0,0,1,1,3
2021-12-07,169.0800018,171.5800018,168.3399963,171.1799927,170.1922302,120405400,AAPL,0.25720125436782837,0.03544631708953494,0.018972214643961587,0.023520146857081457,0.25720125436782837,0.25720125436782837,0.25720125436782837,0.25720125436782837,0.25720125436782837,1,1,1,0,0,1,3
2021-12-08,172.1300049,175.9600067,170.6999969,175.0800018,174.0697479,116998900,AAPL,0.0,0.02278308953333652,0.02028873923142408,0.020804139765885334,0.0,0.0,0.0,0.0,0.0,1,1,1,1,0,0,3
2021-12-09,174.9100037,176.75,173.9199982,174.5599976,173.5527344,108923700,AAPL,0.5372444987297058,-0.0029700947832637103,0.02029250408038365,0.02221812915857442,0.5372444987297058,0.5372444987297058,0.5372444987297058,0.5372444987297058,0.5372444987297058,1,1,1,1,1,0,4
2021-12-10,175.2100067,179.6300049,174.6900024,179.4499969,178.414505,115402700,AAPL,0.0,0.028013286934188253,0.019609858222371965,0.030019964065620425,0.0,0.0,0.0,0.0,0.0,0,1,1,1,1,1,5
2021-12-13,181.1199951,182.1300049,175.5299988,175.7400055,174.7259369,153237000,AAPL,0.0,-0.02067423496288734,0.014455706727323178,0.024830115132147487,0.0,0.0,0.0,0.0,0.0,0,0,1,1,1,1,4
2021-12-14,175.25,177.7400055,172.2100067,174.3300018,173.3240662,139380400,AAPL,0.0,-0.00802323691744733,0.02352014685708145,0.02399947654189821,0.0,0.0,0.0,0.0,0.0,1,0,0,1,1,1,3
2021-12-15,175.1100006,179.5,172.3099976,179.3000031,178.2653961,131063300,AAPL,0.0,0.02850915647727592,0.020804139765885327,0.026547391307455516,0.0,0.0,0.0,0.0,0.0,1,1,0,0,1,1,3
2021-12-16,179.2799988,181.1399994,170.75,172.2599945,171.2659912,150185800,AAPL,0.0,-0.039263850966436475,0.022218129158574414,0.023307489109984775,0.0,0.0,0.0,0.0,0.0,0,1,1,0,0,1,3
2021-12-17,169.9299927,173.4700012,169.6900024,171.1399994,170.1524811,195432700,AAPL,0.0,-0.006501771367466325,0.03001996406562042,0.012356574161405157,0.0,0.0,0.0,0.0,0.0,0,0,1,1,0,0,2
2021-12-20,168.2799988,170.5800018,167.4600067,169.75,168.7704926,107499100,AAPL,0.6609497964382172,-0.008122001898289044,0.02483011513214748,0.012711521034808835,0.6609497964382172,0.6609497964382172,0.6609497964382172,0.6609497964382172,0.6609497964382172,1,0,0,1,1,0,2
2021-12-21,171.5599976,173.1999969,169.1199951,172.9900055,171.9917908,91185900,AAPL,0.0,0.019086924889543333,0.0239994765418982,0.011860519172519941,0.0,0.0,0.0,0.0,0.0,0,1,0,0,1,1,3
2021-12-22,173.0399933,175.8600006,172.1499939,175.6399994,174.6264954,92135300,AAPL,0.0,0.015318768805981708,0.02654739130745551,0.011622477982892464,0.0,0.0,0.0,0.0,0.0,0,0,1,0,0,1,2
2021-12-23,175.8500061,176.8500061,175.2700043,176.2799988,175.2628021,68356600,AAPL,0.6094651818275452,0.003643813494569992,0.023307489109984765,0.01198171244629437,0.6094651818275452,0.6094651818275452,0.6094651818275452,0.6094651818275452,0.6094651818275452,0,0,0,1,0,0,1
2021-12-27,177.0899963,180.4199982,177.0700073,180.3300018,179.2894592,74919600,AAPL,0.0,0.022974829972599364,0.012356574161405133,0.0123043467155976,0.0,0.0,0.0,0.0,0.0,0,0,0,0,1,0,1
2021-12-28,180.1600037,181.3300018,178.5299988,179.2899933,178.2554474,79144300,AAPL,0.0,-0.005767251647640137,0.01271152103480881,0.013190554892121271,0.0,0.0,0.0,0.0,0.0,0,0,0,0,0,1,1
2021-12-29,179.3300018,180.6300049,178.1399994,179.3800049,178.3449402,62348900,AAPL,0.0,0.0005020447507595449,0.011860519172519913,0.01449869743620691,0.0,0.0,0.0,0.0,0.0,0,0,0,0,0,0,0
2021-12-30,179.4700012,180.5700073,178.0899963,178.1999969,177.1717224,59773000,AAPL,0.31227946281433105,-0.00657825826606373,0.011622477982892437,0.018911167961395338,0.31227946281433105,0.31227946281433105,0.31227946281433105,0.31227946281433105,0.31227946281433105,1,0,0,0,0,0,0
2021-12-31,178.0899963,179.2299957,177.2599945,177.5700073,176.5453949,64062300,AAPL,0.0,-0.0035352952354625877,0.011981712446294344,0.019664265684761314,0.0,0.0,0.0,0.0,0.0,1,1,0,0,0,0,1
2022-01-03,177.8300018,182.8800049,177.7100067,182.0099945,180.9597321,104487900,AAPL,0.0,0.025004150574250872,0.012304346715597573,0.019959800691818796,0.0,0.0,0.0,0.0,0.0,1,1,1,0,0,0,2
2022-01-04,182.6300049,182.9400024,179.1199951,179.6999969,178.6630707,99310400,AAPL,0.5563043057918549,-0.012691597548507128,0.013190554892121247,0.01168245997090644,0.5563043057918549,0.5563043057918549,0.5563043057918549,0.5563043057918549,0.5563043057918549,1,1,1,1,0,0,3
2022-01-05,179.6100006,180.1699982,174.6399994,174.9199982,173.9106598,94537600,AAPL,0.0,-0.02659988192798901,0.014498697436206888,0.016880648754694756,0.0,0.0,0.0,0.0,0.0,1,1,1,1,1,0,4
2022-01-06,172.6999969,175.3000031,171.6399994,172.0,171.0075073,96904000,AAPL,0.0,-0.0166933354107478,0.018911167961395317,0.011886166866749205,0.0,0.0,0.0,0.0,0.0,0,1,1,1,1,1,5
2022-01-07,172.8899994,174.1399994,171.0299988,172.1699982,171.1765137,86709100,AAPL,0.0,0.0009883616279069418,0.019664265684761293,0.01275685921037594,0.0,0.0,0.0,0.0,0.0,1,0,1,1,1,1,4
2022-01-10,169.0800018,172.5,168.1699982,172.1900024,171.1964264,106765600,AAPL,0.0,0.0001161886519667199,0.01995980069181878,0.012945408246620552,0.0,0.0,0.0,0.0,0.0,0,1,0,1,1,1,4
2022-01-11,172.3200073,175.1799927,170.8200073,175.0800018,174.0697479,76138300,AAPL,0.0,0.016783781634931882,0.01168245997090641,0.015789666233557206,0.0,0.0,0.0,0.0,0.0,1,0,1,0,1,1,3
2022-01-12,176.1199951,177.1799927,174.8200073,175.5299988,174.5171356,74805200,AAPL,0.0,0.002570236436906459,0.016880648754694735,0.012924582360900537,0.0,0.0,0.0,0.0,0.0,0,1,0,1,0,1,3
2022-01-13,175.7799988,176.6199951,171.7899933,172.1900024,171.1964264,84505800,AAPL,0.0,-0.01902806598777229,0.011886166866749176,0.010844073385420759,0.0,0.0,0.0,0.0,0.0,1,0,1,0,1,0,2
2022-01-14,171.3399963,173.7799988,171.0899963,173.0700073,172.0713501,80440800,AAPL,0.0,0.005110661988120047,0.012756859210375913,0.01029809103080221,0.0,0.0,0.0,0.0,0.0,0,1,0,1,0,1,3
2022-01-18,171.5099945,172.5399933,169.4100037,169.8000031,168.8202057,90956700,AAPL,0.0,-0.018894112567590993,0.012945408246620526,0.006533447503630111,0.0,0.0,0.0,0.0,0.0,1,0,1,0,1,0,2
2022-01-19,170.0,171.0800018,165.9400024,166.2299957,165.2707977,94815000,AAPL,0.0,-0.02102477817917081,0.015789666233557185,0.005831622185066267,0.0,0.0,0.0,0.0,0.0,0,1,0,1,0,1,3
2022-01-20,166.9799957,169.6799927,164.1799927,164.5099945,163.56073,91420500,AAPL,0.0,-0.010347116913268284,0.012924582360900513,0.005118798985618146,0.0,0.0,0.0,0.0,0.0,0,0,1,0,1,0,2
2022-01-21,164.4199982,166.3300018,162.3000031,162.4100037,161.4728699,122848900,AAPL,0.0,-0.012765125951055833,0.010844073385420728,0.005331120350636877,0.0,0.0,0.0,0.0,0.0,1,0,0,1,0,1,2
2022-01-24,160.0200043,162.3000031,154.6999969,161.6199951,160.6873779,162294600,AAPL,0.0,-0.004864285339585828,0.010298091030802179,0.033655353609609015,0.0,0.0,0.0,0.0,0.0,0,1,0,0,1,0,2
2022-01-25,158.9799957,162.7599945,157.0200043,159.7799988,158.858017,115798400,AAPL,0.0,-0.011384707064627464,0.0065334475036300564,0.03308123360104106,0.0,0.0,0.0,0.0,0.0,1,0,1,0,0,1,2
2022-01-26,163.5,164.3899994,157.8200073,159.6900024,158.7685394,108275300,AAPL,0.0,-0.0005632519756908483,0.005831622185066209,0.031183819555105984,0.0,0.0,0.0,0.0,0.0,0,1,0,1,0,0,2
2022-01-27,162.4499969,163.8399963,158.2799988,159.2200012,158.301239,121954600,AAPL,0.0,-0.002943209925081569,0.005118798985618081,0.03020450165976491,0.0,0.0,0.0,0.0,0.0,0,0,1,0,1,0,2
2022-01-28,165.7100067,170.3500061,162.8000031,170.3300018,169.3471375,179935700,AAPL,0.0,0.06977766936482088,0.0053311203506368155,0.03327124691004436,0.0,0.0,0.0,0.0,0.0,1,0,0,1,0,1,2
2022-01-31,170.1600037,175.0,169.5099945,174.7799988,173.7714539,115541600,AAPL,0.0,0.026125737996675058,0.03365535360960901,0.01573199426362315,0.0,0.0,0.0,0.0,0.0,1,1,0,0,1,0,2
2022-02-01,174.0099945,174.8399963,172.3099976,174.6100006,173.6024628,86213900,AAPL,0.0,-0.0009726410411211583,0.033081233601041045,0.008560827330561134,0.0,0.0,0.0,0.0,0.0,1,1,1,0,0,1,3
2022-02-02,174.75,175.8800049,173.3300018,175.8399963,174.8253326,84914300,AAPL,0.0,0.007044245437108021,0.031183819555105973,0.013193815951571465,0.0,0.0,0.0,0.0,0.0,0,1,1,1,0,0,3
2022-02-03,174.4799957,176.2400055,172.1199951,172.8999939,171.9023132,89418100,AAPL,0.0,-0.016719759223516317,0.0302045016597649,0.013363725504617185,0.0,0.0,0.0,0.0,0.0,1,0,1,1,1,0,3
2022-02-04,171.6799927,174.1000061,170.6799927,172.3899994,171.6136322,82465400,AAPL,0.0,-0.0029496501908204964,0.03327124691004434,0.01573298532086224,0.0,0.0,0.0,0.0,0.0,0,1,0,1,1,1,4
2022-02-07,172.8600006,173.9499969,170.9499969,171.6600037,170.8869171,77251200,AAPL,0.0,-0.004234559443939467,0.01573199426362313,0.018046908324113993,0.0,0.0,0.0,0.0,0.0,1,0,1,0,1,1,3
2022-02-08,171.7299957,175.3500061,171.4299927,174.8300018,174.0426331,74829200,AAPL,0.0,0.018466725105866777,0.008560827330561096,0.01822525672619121,0.0,0.0,0.0,0.0,0.0,1,1,0,1,0,1,3
2022-02-09,176.0500031,176.6499939,174.8999939,176.2799988,175.4860992,71285000,AAPL,0.0,0.008293753847001373,0.01319381595157144,0.019675920597173185,0.0,0.0,0.0,0.0,0.0,0,1,1,0,1,0,3
2022-02-10,174.1399994,175.4799957,171.5500031,172.1199951,171.3448334,90865900,AAPL,0.0,-0.023598841208977706,0.01336372550461716,0.018845141975607452,0.0,0.0,0.0,0.0,0.0,1,0,1,1,0,1,3
2022-02-11,172.3300018,173.0800018,168.0399933,168.6399994,167.8805084,98670700,AAPL,0.0,-0.020218427835639763,0.01573298532086222,0.0182631448770069,0.0,0.0,0.0,0.0,0.0,1,1,0,1,1,0,3
2022-02-14,167.3699951,169.5800018,166.5599976,168.8800049,168.1194305,86185500,AAPL,0.0,0.0014231825240387241,0.01804690832411398,0.016346516427428473,0.0,0.0,0.0,0.0,0.0,1,1,1,0,1,1,4
2022-02-15,170.9700012,172.9499969,170.25,172.7899933,172.0118256,62527400,AAPL,0.2782510221004486,0.02315246498432577,0.018225256726191193,0.01769784475394829,0.2782510221004486,0.2782510221004486,0.2782510221004486,0.2782510221004486,0.2782510221004486,1,1,1,1,0,1,4
2022-02-16,171.8500061,173.3399963,170.0500031,172.5500031,171.7729187,61177400,AAPL,-0.643239438533783,-0.0013889126066654045,0.019675920597173168,0.009775806131354993,-0.643239438533783,-0.643239438533783,-0.643239438533783,-0.643239438533783,-0.643239438533783,1,1,1,1,1,0,4
2022-02-17,171.0299988,171.9100037,168.4700012,168.8800049,168.1194305,69589300,AAPL,0.0,-0.021269186520229133,0.018845141975607434,0.01688438027310767,0.0,0.0,0.0,0.0,0.0,1,1,1,1,1,1,5
2022-02-18,169.8200073,170.5399933,166.1900024,167.3000031,166.5465546,82772700,AAPL,0.0,-0.009355765953083517,0.018263144877006882,0.018779702934663488,0.0,0.0,0.0,0.0,0.0,1,1,1,1,1,1,5
2022-02-22,164.9799957,166.6900024,162.1499939,164.3200073,163.5799866,91162800,AAPL,0.0,-0.017812287775145985,0.016346516427428456,0.01873852890549936,0.0,0.0,0.0,0.0,0.0,0,1,1,1,1,1,5
2022-02-23,165.5399933,166.1499939,159.75,160.0700073,159.3491211,90009200,AAPL,0.0,-0.025864166329062743,0.01769784475394827,0.017645595679342672,0.0,0.0,0.0,0.0,0.0,1,0,1,1,1,1,4
2022-02-24,152.5800018,162.8500061,152.0,162.7400055,162.0070953,141147500,AAPL,0.0,0.01668019040566393,0.009775806131354956,0.013078470672727244,0.0,0.0,0.0,0.0,0.0,0,1,0,1,1,1,4
2022-02-25,163.8399963,165.1199951,160.8699951,164.8500061,164.1075897,91974200,AAPL,0.0,0.012965469636782023,0.01688438027310765,0.01265538927186146,0.0,0.0,0.0,0.0,0.0,1,0,1,0,1,1,3
2022-02-28,163.0599976,165.4199982,162.4299927,165.1199951,164.376358,95056600,AAPL,-0.5154305100440979,0.0016377858053353567,0.018779702934663467,0.01487766467204572,-0.5154305100440979,-0.5154305100440979,-0.5154305100440979,-0.5154305100440979,-0.5154305100440979,0,1,0,1,0,1,3
2022-03-01,164.6999969,166.6000061,161.9700012,163.1999969,162.4650116,83474400,AAPL,0.0,-0.011627896420643768,0.018738528905499343,0.017445171413777594,0.0,0.0,0.0,0.0,0.0,1,0,1,0,1,0,2
2022-03-02,164.3899994,167.3600006,162.9499969,166.5599976,165.8098907,79724800,AAPL,0.0,0.02058823997440906,0.01764559567934265,0.01744836019978926,0.0,0.0,0.0,0.0,0.0,1,1,0,1,0,1,3
2022-03-03,168.4700012,168.9100037,165.5500031,166.2299957,165.481369,76678400,AAPL,0.0,-0.0019812794473768047,0.013078470672727218,0.023345514483212093,0.0,0.0,0.0,0.0,0.0,1,1,1,0,1,0,3
2022-03-04,164.4900055,165.5500031,162.1000061,163.1699982,162.4351349,83737200,AAPL,0.0,-0.0184082149982272,0.012655389271861432,0.025389948274407236,0.0,0.0,0.0,0.0,0.0,1,1,1,1,0,1,4
2022-03-07,163.3600006,165.0200043,159.0399933,159.3000031,158.5825958,96418800,AAPL,0.0,-0.023717565377775474,0.014877664672045697,0.026000587790160377,0.0,0.0,0.0,0.0,0.0,1,1,1,1,1,0,4
2022-03-08,158.8200073,162.8800049,155.8000031,157.4400024,156.7309418,131148300,AAPL,0.2556575834751129,-0.011676087029530047,0.017445171413777577,0.026395778202388392,0.2556575834751129,0.2556575834751129,0.2556575834751129,0.2556575834751129,0.2556575834751129,0,1,1,1,1,1,5
2022-03-09,161.4799957,163.4100037,159.4100037,162.9499969,162.2161407,91454900,AAPL,0.0,0.0349974238821531,0.017448360199789244,0.03196925308893214,0.0,0.0,0.0,0.0,0.0,0,0,1,1,1,1,4
2022-03-10,160.1999969,160.3899994,155.9799957,158.5200043,157.8061066,105342000,AAPL,0.0,-0.027186208556472802,0.02334551448321208,0.030277819263029096,0.0,0.0,0.0,0.0,0.0,0,0,0,1,1,1,3
2022-03-11,158.9299927,159.2799988,154.5,154.7299957,154.0331573,96970100,AAPL,0.0,-0.023908708662582434,0.02538994827440722,0.027378850540164958,0.0,0.0,0.0,0.0,0.0,0,0,0,0,1,1,2
2022-03-14,151.4499969,154.1199951,150.1000061,150.6199951,149.9416504,108732100,AAPL,0.0,-0.02656240363354434,0.026000587790160363,0.023448494714869626,0.0,0.0,0.0,0.0,0.0,0,0,0,0,0,1,1
2022-03-15,150.8999939,155.5700073,150.3800049,155.0899963,154.3915253,92964300,AAPL,0.0,0.02967734261996391,0.026395778202388382,0.011009386992185255,0.0,0.0,0.0,0.0,0.0,0,0,0,0,0,0,0
2022-03-16,157.0500031,160.0,154.4600067,159.5899963,158.8712769,102300200,AAPL,0.7174154818058014,0.029015411099084565,0.031969253088932136,0.009445837746439301,0.7174154818058014,0.7174154818058014,0.7174154818058014,0.7174154818058014,0.7174154818058014,1,0,0,0,0,0,0
2022-03-17,158.6100006,161.0,157.6300049,160.6199951,159.896637,75615400,AAPL,0.0,0.006454031103953373,0.030277819263029082,0.0072290855903476,0.0,0.0,0.0,0.0,0.0,1,1,0,0,0,0,1
2022-03-18,160.5099945,164.4799957,159.7599945,163.9799957,163.2415161,123511700,AAPL,0.0,0.02091894348463952,0.027378850540164944,0.007203564552639457,0.0,0.0,0.0,0.0,0.0,1,1,1,0,0,0,2
2022-03-21,163.5099945,166.3500061,163.0099945,165.3800049,164.6352081,95811400,AAPL,0.0,0.008537682868106078,0.02344849471486961,0.008408204763805894,0.0,0.0,0.0,0.0,0.0,1,1,1,1,0,0,3
2022-03-22,165.5099945,169.4199982,164.9100037,168.8200073,168.0597076,81532000,AAPL,0.0,0.020800594377053283,0.01100938699218522,0.008978024893421858,0.0,0.0,0.0,0.0,0.0,1,1,1,1,1,0,4
2022-03-23,167.9900055,172.6399994,167.6499939,170.2100067,169.4434509,98062700,AAPL,0.0,0.008233617698700568,0.009445837746439258,0.008597026687815812,0.0,0.0,0.0,0.0,0.0,1,1,1,1,1,1,5
2022-03-24,171.0599976,174.1399994,170.2100067,174.0700073,173.2860565,90131400,AAPL,0.23887255787849426,0.02267787114774822,0.007229085590347544,0.012019866568479271,0.23887255787849426,0.23887255787849426,0.23887255787849426,0.23887255787849426,0.23887255787849426,1,1,1,1,1,1,5
2022-03-25,173.8800049,175.2799988,172.75,174.7200012,173.933136,80546200,AAPL,0.0,0.0037340947477517705,0.0072035645526394,0.013813129905681447,0.0,0.0,0.0,0.0,0.0,1,1,1,1,1,1,5
2022-03-28,172.1699982,175.7299957,172.0,175.6000061,174.8091736,90371900,AAPL,0.7089333534240723,0.005036658046909226,0.008408204763805846,0.01372827806720157,0.7089333534240723,0.7089333534240723,0.7089333534240723,0.7089333534240723,0.7089333534240723,0,1,1,1,1,1,5
2022-03-29,176.6900024,179.0099945,176.3399963,178.9600067,178.1540375,100589400,AAPL,0.5159437656402588,0.01913439910751813,0.008978024893421813,0.017571129984798112,0.5159437656402588,0.5159437656402588,0.5159437656402588,0.5159437656402588,0.5159437656402588,1,0,1,1,1,1,4
2022-03-30,178.5500031,179.6100006,176.6999969,177.7700043,176.9694061,92633200,AAPL,0.0,-0.006649543783236789,0.008597026687815769,0.017261239343192437,0.0,0.0,0.0,0.0,0.0,0,1,0,1,1,1,4
2022-03-31,177.8399963,178.0299988,174.3999939,174.6100006,173.8236237,103049300,AAPL,0.0,-0.017775798073713656,0.012019866568479242,0.018433543269956467,0.0,0.0,0.0,0.0,0.0,0,0,1,0,1,1,3
2022-04-01,174.0299988,174.8800049,171.9400024,174.3099976,173.5249786,78751300,AAPL,0.0,-0.0017181318307606386,0.013813129905681419,0.017533906070980012,0.0,0.0,0.0,0.0,0.0,0,0,0,1,0,1,2
2022-04-04,174.5700073,178.4900055,174.4400024,178.4400024,177.6363678,76468400,AAPL,0.2757047414779663,0.02369344763274772,0.013728278067201543,0.01797469916421138,0.2757047414779663,0.2757047414779663,0.2757047414779663,0.2757047414779663,0.2757047414779663,1,0,0,0,1,0,1
2022-04-05,177.5,178.3000031,174.4199982,175.0599976,174.2716064,73401800,AAPL,0.0,-0.018941967913804536,0.017571129984798088,0.010358256664511517,0.0,0.0,0.0,0.0,0.0,0,1,0,0,0,1,2
2022-04-06,172.3600006,173.6300049,170.1300049,171.8300018,171.0561523,89058800,AAPL,0.0,-0.018450793123968467,0.017261239343192413,0.015060625964173355,0.0,0.0,0.0,0.0,0.0,1,0,1,0,0,0,1
2022-04-07,171.1600037,173.3600006,169.8500061,172.1399994,171.3647461,77594700,AAPL,0.0,0.001804094725907257,0.018433543269956446,0.017204488122506696,0.0,0.0,0.0,0.0,0.0,0,1,0,1,0,0,2
2022-04-08,171.7799988,171.7799988,169.1999969,170.0899963,169.3239746,76575500,AAPL,0.0,-0.011908929401332369,0.01753390607097999,0.021090585282987004,0.0,0.0,0.0,0.0,0.0,1,0,1,0,1,0,2
2022-04-11,168.7100067,169.0299988,165.5,165.75,165.0035248,72246700,AAPL,0.0,-0.02551588214715006,0.01797469916421136,0.021119618485120943,0.0,0.0,0.0,0.0,0.0,1,1,0,1,0,1,3
2022-04-12,168.0200043,169.8699951,166.6399994,167.6600037,166.9049377,79265200,AAPL,0.0,0.011523400904977388,0.01035825666451148,0.01921872040885332,0.0,0.0,0.0,0.0,0.0,1,1,1,0,1,0,3
2022-04-13,167.3899994,171.0399933,166.7700043,170.3999939,169.6325836,70618900,AAPL,0.0,0.016342539302949932,0.01506062596417333,0.018491281581390257,0.0,0.0,0.0,0.0,0.0,0,1,1,1,0,1,4
2022-04-14,170.6199951,171.2700043,165.0399933,165.2899933,164.5456085,75329400,AAPL,0.6835962533950806,-0.029988267505448585,0.017204488122506675,0.015956304881141806,0.6835962533950806,0.6835962533950806,0.6835962533950806,0.6835962533950806,0.6835962533950806,0,0,1,1,1,0,3
2022-04-18,163.9199982,166.6000061,163.5700073,165.0700073,164.3265991,69023900,AAPL,0.0,-0.0013309093648563586,0.021090585282986987,0.015101245192385999,0.0,0.0,0.0,0.0,0.0,0,0,0,1,1,1,3
2022-04-19,165.0200043,167.8200073,163.9100037,167.3999939,166.6461029,67723800,AAPL,0.0,0.014115142042524287,0.021119618485120922,0.015892033611225643,0.0,0.0,0.0,0.0,0.0,0,0,0,0,1,1,2
2022-04-20,168.7599945,168.8800049,166.1000061,167.2299957,166.4768524,67929800,AAPL,0.0,-0.0010155209450101177,0.0192187204088533,0.01878250523578664,0.0,0.0,0.0,0.0,0.0,0,0,0,0,0,1,1
2022-04-21,168.9100037,171.5299988,165.9100037,166.4199982,165.670517,87227800,AAPL,0.0,-0.004843613710623251,0.018491281581390236,0.018712345967785614,0.0,0.0,0.0,0.0,0.0,1,0,0,0,0,0,0
2022-04-22,166.4600067,167.8699951,161.5,161.7899933,161.0613556,84882400,AAPL,0.0,-0.02782120508399344,0.015956304881141782,0.032444601231607854,0.0,0.0,0.0,0.0,0.0,0,1,0,0,0,0,1
2022-04-25,161.1199951,163.1699982,158.4600067,162.8800049,162.1464539,96046400,AAPL,0.0,0.006737200353169159,0.015101245192385971,0.034312311022562283,0.0,0.0,0.0,0.0,0.0,0,0,1,0,0,0,1
2022-04-26,162.25,162.3399963,156.7200012,156.8000031,156.0938416,95623200,AAPL,0.0,-0.037328104230674564,0.01589203361122562,0.03397942589095899,0.0,0.0,0.0,0.0,0.0,1,0,0,1,0,0,1
2022-04-27,155.9100037,159.7899933,155.3800049,156.5700073,155.8648834,88063200,AAPL,0.0,-0.001466809919980272,0.018782505235786617,0.029188196988684512,0.0,0.0,0.0,0.0,0.0,0,1,0,0,1,0,2
2022-04-28,159.25,164.5200043,158.9299927,163.6399994,162.9030304,130216800,AAPL,0.0,0.04515546892996802,0.01871234596778559,0.033201102625802545,0.0,0.0,0.0,0.0,0.0,1,0,1,0,0,1,2
2022-04-29,161.8399963,166.1999969,157.25,157.6499939,156.9400024,131747600,AAPL,0.0,-0.036604775861420524,0.03244460123160784,0.03842770867901028,0.0,0.0,0.0,0.0,0.0,1,1,0,1,0,0,2
2022-05-02,156.7100067,158.2299957,153.2700043,157.9600067,157.2486115,123055300,AAPL,0.0,0.0019664624928350527,0.03431231102256227,0.034975051026326844,0.0,0.0,0.0,0.0,0.0,0,1,1,0,1,0,3
2022-05-03,158.1499939,160.7100067,156.3200073,159.4799957,158.7617645,88966500,AAPL,0.0,0.00962261924239316,0.033979425890958974,0.03789914107149087,0.0,0.0,0.0,0.0,0.0,1,0,1,1,0,1,3
2022-05-04,159.6699982,166.4799957,159.2599945,166.0200043,165.2723083,108256500,AAPL,0.0,0.0410083319308745,0.0291881969886845,0.0387132643394489,0.0,0.0,0.0,0.0,0.0,1,1,0,1,1,0,3
2022-05-05,163.8500061,164.0800018,154.9499969,156.7700043,156.0639801,130525300,AAPL,0.0,-0.05571617733056522,0.03320110262580254,0.032468530109033035,0.0,0.0,0.0,0.0,0.0,0,1,1,0,1,1,4
2022-05-06,156.0099945,159.4400024,154.1799927,157.2799988,156.8017273,116124600,AAPL,0.0,0.00325313826632323,0.038427708679010276,0.027699585721010337,0.0,0.0,0.0,0.0,0.0,1,0,1,1,0,1,3
2022-05-09,154.9299927,155.8300018,151.4900055,152.0599976,151.5975952,131577900,AAPL,0.0,-0.03318922456655049,0.03497505102632684,0.03526347001404489,0.0,0.0,0.0,0.0,0.0,1,1,0,1,1,0,3
2022-05-10,155.5200043,156.7400055,152.9299927,154.5099945,154.0401306,115366700,AAPL,0.0,0.016112040896152147,0.037899141071490866,0.03339355978661047,0.0,0.0,0.0,0.0,0.0,0,1,1,0,1,1,4
2022-05-11,153.5,155.4499969,145.8099976,146.5,146.0545044,142689800,AAPL,0.0,-0.05184127101887903,0.03871326433944889,0.035298732058996175,0.0,0.0,0.0,0.0,0.0,0,0,1,1,0,1,3
2022-05-12,142.7700043,146.1999969,138.8000031,142.5599976,142.1264801,182602000,AAPL,0.0,-0.026894214334470923,0.03246853010903303,0.03679909467834369,0.0,0.0,0.0,0.0,0.0,0,0,0,1,1,0,2
2022-05-13,144.5899963,148.1000061,143.1100006,147.1100006,146.6626434,113990900,AAPL,0.0,0.03191640766413717,0.027699585721010327,0.036512331116467275,0.0,0.0,0.0,0.0,0.0,1,0,0,0,1,1,2
2022-05-16,145.5500031,147.5200043,144.1799927,145.5399933,145.0974121,86643800,AAPL,0.0,-0.01067233562365999,0.03526347001404488,0.030495529430526875,0.0,0.0,0.0,0.0,0.0,0,1,0,0,0,1,2
2022-05-17,148.8600006,149.7700043,146.6799927,149.2400055,148.7861786,78336300,AAPL,0.0,0.02542264923960258,0.03339355978661046,0.03876631242295622,0.0,0.0,0.0,0.0,0.0,1,0,1,0,0,0,1
2022-05-18,146.8500061,147.3600006,139.8999939,140.8200073,140.3917847,109742900,AAPL,0.0,-0.05641917642518457,0.03529873205899617,0.035671538852037527,0.0,0.0,0.0,0.0,0.0,0,1,0,1,0,0,2
2022-05-19,139.8800049,141.6600037,136.6000061,137.3500061,136.9323425,136095600,AAPL,0.0,-0.024641393410863577,0.036799094678343684,0.025447065295193947,0.0,0.0,0.0,0.0,0.0,0,0,1,0,1,0,2
2022-05-20,139.0899963,140.6999969,132.6100006,137.5899963,137.1716003,137426100,AAPL,0.0,0.0017472893290246816,0.03651233111646727,0.022802216649990586,0.0,0.0,0.0,0.0,0.0,1,0,0,1,0,1,2
2022-05-23,137.7899933,143.2599945,137.6499939,143.1100006,142.6748199,117726300,AAPL,0.0,0.04011922704005477,0.030495529430526868,0.025981980238916208,0.0,0.0,0.0,0.0,0.0,1,1,0,0,1,0,2
2022-05-24,140.8099976,141.9700012,137.3300018,140.3600006,139.9331818,104132700,AAPL,0.0,-0.019215987621203356,0.03876631242295622,0.023821530454119853,0.0,0.0,0.0,0.0,0.0,0,1,1,0,0,1,3
2022-05-25,138.4299927,141.7899933,138.3399963,140.5200043,140.0926971,92482700,AAPL,0.0,0.0011399522607298262,0.03567153885203752,0.01960024987023174,0.0,0.0,0.0,0.0,0.0,0,0,1,1,0,0,2
2022-05-26,137.3899994,144.3399963,137.1399994,143.7799988,143.3427734,90601500,AAPL,0.0,0.023199504698563134,0.02544706529519394,0.01870702107105695,0.0,0.0,0.0,0.0,0.0,1,0,0,1,1,0,2
2022-05-27,145.3899994,149.6799927,145.2599945,149.6399994,149.1849518,90978500,AAPL,0.0,0.04075671615598875,0.02280221664999058,0.029269780886756767,0.0,0.0,0.0,0.0,0.0,1,1,0,0,1,1,3
2022-05-31,149.0700073,150.6600037,146.8399963,148.8399963,148.3873901,103718400,AAPL,0.6709340512752533,-0.005346184865060888,0.025981980238916205,0.020751154004844834,0.6709340512752533,0.6709340512752533,0.6709340512752533,0.6709340512752533,0.6709340512752533,0,1,1,0,0,1,3
2022-06-01,149.8999939,151.7400055,147.6799927,148.7100067,148.2577972,74286600,AAPL,0.0,-0.0008733512713745561,0.02382153045411985,0.022948338803746714,0.0,0.0,0.0,0.0,0.0,0,0,1,1,0,0,2
2022-06-02,147.8300018,151.2700043,146.8600006,151.2100067,150.7501831,72348100,AAPL,0.0,0.01681124260214295,0.019600249870231738,0.02306526966309764,0.0,0.0,0.0,0.0,0.0,1,0,0,1,1,0,2
2022-06-03,146.8999939,147.9700012,144.4600067,145.3800049,144.937912,88570300,AAPL,0.0,-0.03855566127688037,0.018707021071056946,0.02498733981719374,0.0,0.0,0.0,0.0,0.0,0,1,0,0,1,1,3
2022-06-06,147.0299988,148.5700073,144.8999939,146.1399994,145.6956024,71598400,AAPL,0.0,0.005227641177497411,0.02926978088675676,0.025007229070054364,0.0,0.0,0.0,0.0,0.0,1,0,1,0,0,1,2
2022-06-07,144.3500061,149.0,144.1000061,148.7100067,148.2577972,67808200,AAPL,0.0,0.017585926581028977,0.020751154004844827,0.025359065779831897,0.0,0.0,0.0,0.0,0.0,1,1,0,1,0,0,2
2022-06-08,148.5800018,149.8699951,147.4600067,147.9600067,147.5100708,53950200,AAPL,0.0,-0.00504337278064293,0.022948338803746707,0.021481454291493788,0.0,0.0,0.0,0.0,0.0,1,1,1,0,1,0,3
2022-06-09,147.0800018,147.9499969,142.5299988,142.6399994,142.2062531,69473000,AAPL,0.24108894169330597,-0.03595571140238407,0.02306526966309763,0.028361871382054295,0.24108894169330597,0.24108894169330597,0.24108894169330597,0.24108894169330597,0.24108894169330597,0,1,1,1,0,1,4
2022-06-10,140.2799988,140.7599945,137.0599976,137.1300049,136.7130127,91437900,AAPL,0.0,-0.03862867725166297,0.024987339817193737,0.02901299806187507,0.0,0.0,0.0,0.0,0.0,1,0,1,1,1,0,3
2022-06-13,132.8699951,135.1999969,131.4400024,131.8800049,131.4789581,122207100,AAPL,0.0,-0.03828483783566172,0.025007229070054357,0.028749092453709726,0.0,0.0,0.0,0.0,0.0,1,1,0,1,1,1,4
2022-06-14,133.1300049,133.8899994,131.4799957,132.7599945,132.3562775,84784300,AAPL,0.0,0.006672653679890894,0.02535906577983189,0.027522645994446173,0.0,0.0,0.0,0.0,0.0,0,1,1,0,1,1,4
2022-06-15,134.2899933,137.3399963,132.1600037,135.4299927,135.018158,91533000,AAPL,0.0,0.0201114666361335,0.021481454291493778,0.02788389300367897,0.0,0.0,0.0,0.0,0.0,0,0,1,1,0,1,3
2022-06-16,132.0800018,132.3899994,129.0399933,130.0599976,129.6644897,108123900,AAPL,0.0,-0.03965144642586993,0.028361871382054288,0.02809951642077624,0.0,0.0,0.0,0.0,0.0,0,0,0,1,1,0,2
2022-06-17,130.0700073,133.0800018,129.8099976,131.5599976,131.1599274,134520300,AAPL,0.0,0.011533138764258988,0.02901299806187506,0.01404454402342745,0.0,0.0,0.0,0.0,0.0,1,0,0,0,1,1,2
2022-06-21,133.4199982,137.0599976,133.3200073,135.8699951,135.4568176,81000500,AAPL,0.6508073210716248,0.03276069913823121,0.028749092453709716,0.016036626150913693,0.6508073210716248,0.6508073210716248,0.6508073210716248,0.6508073210716248,0.6508073210716248,1,1,0,0,0,1,2
2022-06-22,134.7899933,137.7599945,133.9100037,135.3500061,134.9384155,73409200,AAPL,0.6367959380149841,-0.0038271069312786343,0.027522645994446163,0.02200833811250058,0.6367959380149841,0.6367959380149841,0.6367959380149841,0.6367959380149841,0.6367959380149841,0,1,1,0,0,0,2
2022-06-23,136.8200073,138.5899963,135.6300049,138.2700043,137.8495331,72433800,AAPL,0.0,0.021573683549320544,0.02788389300367896,0.02208828624670964,0.0,0.0,0.0,0.0,0.0,0,0,1,1,0,0,2
2022-06-24,139.8999939,141.9100037,139.7700043,141.6600037,141.2292328,89116800,AAPL,0.0,0.024517243759136775,0.028099516420776235,0.022147319723417706,0.0,0.0,0.0,0.0,0.0,0,0,0,1,1,0,2
2022-06-27,142.6999969,143.4900055,140.9700012,141.6600037,141.2292328,70207900,AAPL,0.0,0.0,0.014044544023427431,0.019836315797247258,0.0,0.0,0.0,0.0,0.0,1,0,0,0,1,1,2
2022-06-28,142.1300049,143.4199982,137.3200073,137.4400024,137.0220642,67083400,AAPL,0.2856118381023407,-0.029789645558226163,0.016036626150913676,0.02237001286405547,0.2856118381023407,0.2856118381023407,0.2856118381023407,0.2856118381023407,0.2856118381023407,1,1,0,0,0,1,2
2022-06-29,137.4600067,140.6699982,136.6699982,139.2299957,138.8066101,66242400,AAPL,0.0,0.013023815983286058,0.02200833811250057,0.014927954174306615,0.0,0.0,0.0,0.0,0.0,0,1,1,0,0,0,2
2022-06-30,137.25,138.3699951,133.7700043,136.7200012,136.304245,98964500,AAPL,0.0,-0.018027684963865753,0.02208828624670963,0.01657824205496415,0.0,0.0,0.0,0.0,0.0,0,0,1,1,0,0,2
2022-07-01,136.0399933,139.0399933,135.6600037,138.9299927,138.5075073,71051600,AAPL,0.0,0.016164361326819643,0.022147319723417696,0.007618461543187883,0.0,0.0,0.0,0.0,0.0,1,0,0,1,1,0,2
2022-07-05,137.7700043,141.6100006,136.9299927,141.5599976,141.1295319,73353800,AAPL,0.0,0.018930432866854918,0.019836315797247244,0.015045864075253096,0.0,0.0,0.0,0.0,0.0,1,1,0,0,1,1,3
2022-07-06,141.3500061,144.1199951,141.0800018,142.9199982,142.4853821,74064300,AAPL,0.0,0.009607238083197078,0.02237001286405546,0.013876231746270118,0.0,0.0,0.0,0.0,0.0,0,1,1,0,0,1,3
2022-07-07,143.2899933,146.5500031,143.2799988,146.3500061,145.9049683,66253700,AAPL,0.0,0.023999495824230888,0.014927954174306595,0.014164182251783007,0.0,0.0,0.0,0.0,0.0,1,0,1,1,0,0,2
2022-07-08,145.2599945,147.5500031,145.0,147.0399933,146.5928497,64547800,AAPL,0.0,0.0047146373163013955,0.016578242054964134,0.01293500467576628,0.0,0.0,0.0,0.0,0.0,1,1,0,1,1,0,3
2022-07-11,145.6699982,146.6399994,143.7799988,144.8699951,144.4294586,63141600,AAPL,0.0,-0.014757877440681133,0.007618461543187844,0.01350332092828407,0.0,0.0,0.0,0.0,0.0,0,1,1,0,1,1,4
2022-07-12,145.7599945,148.4499969,145.0500031,145.8600006,145.4164429,77588800,AAPL,0.0,0.006833751180267633,0.015045864075253075,0.0156630614367947,0.0,0.0,0.0,0.0,0.0,1,0,1,1,0,1,3
2022-07-13,142.9900055,146.4499969,142.1199951,145.4900055,145.0475769,71185600,AAPL,0.0,-0.0025366454029756014,0.013876231746270095,0.019010420255886513,0.0,0.0,0.0,0.0,0.0,1,1,0,1,1,0,3
2022-07-14,144.0800018,148.9499969,143.25,148.4700012,148.0185242,78140700,AAPL,0.0,0.020482477059223347,0.014164182251782984,0.018319870075683278,0.0,0.0,0.0,0.0,0.0,1,1,1,0,1,1,4
2022-07-15,149.7799988,150.8600006,148.1999969,150.1699982,149.7133331,76259900,AAPL,0.0,0.011450104305650077,0.012935004675766255,0.01772012095783479,0.0,0.0,0.0,0.0,0.0,1,1,1,1,0,1,4
2022-07-18,150.7400055,151.5700073,146.6999969,147.0700073,146.6227875,81420900,AAPL,0.0,-0.020643210609028406,0.013503320928284046,0.019203677678926324,0.0,0.0,0.0,0.0,0.0,0,1,1,1,1,0,4
2022-07-19,147.9199982,151.2299957,146.9100037,151.0,150.5408173,82982400,AAPL,0.0,0.026721918167743386,0.01566306143679468,0.015230345684206158,0.0,0.0,0.0,0.0,0.0,1,0,1,1,1,1,4
2022-07-20,151.1199951,153.7200012,150.3699951,153.0399933,152.5746155,64823400,AAPL,0.0,0.013509889403973352,0.019010420255886496,0.012299702114389303,0.0,0.0,0.0,0.0,0.0,1,1,0,1,1,1,4
2022-07-21,154.5,155.5700073,151.9400024,155.3500061,154.877594,65086600,AAPL,0.0,0.015094177346647975,0.018319870075683264,0.019192057696177222,0.0,0.0,0.0,0.0,0.0,1,1,1,0,1,1,4
2022-07-22,155.3899994,156.2799988,153.4100037,154.0899963,153.6214142,66675400,AAPL,0.0,-0.00811078049902958,0.017720120957834772,0.018350099609504948,0.0,0.0,0.0,0.0,0.0,1,1,1,1,0,1,4
2022-07-25,154.0099945,155.0399933,152.2799988,152.9499969,152.4848938,53623900,AAPL,0.0,-0.007398270019946751,0.01920367767892631,0.021221877666231376,0.0,0.0,0.0,0.0,0.0,0,1,1,1,1,0,4
2022-07-26,152.2599945,153.0899963,150.8000031,151.6000061,151.1389923,55138700,AAPL,0.0,-0.0088263538892559,0.015230345684206137,0.02095959693916274,0.0,0.0,0.0,0.0,0.0,1,0,1,1,1,1,4
2022-07-27,152.5800018,157.3300018,152.1600037,156.7899933,156.3132019,78620700,AAPL,0.0,0.034234742685805175,0.012299702114389278,0.021070019502299867,0.0,0.0,0.0,0.0,0.0,0,1,0,1,1,1,4
2022-07-28,156.9799957,157.6399994,154.4100037,157.3500061,156.871521,81378700,AAPL,0.0,0.0035717381461231046,0.019192057696177205,0.022219866970738415,0.0,0.0,0.0,0.0,0.0,0,0,1,0,1,1,3
2022-07-29,161.2400055,163.6300049,159.5,162.5099945,162.0158081,101786900,AAPL,0.0,0.03279306132800963,0.01835009960950493,0.022857862081448164,0.0,0.0,0.0,0.0,0.0,1,0,0,1,0,1,2
2022-08-01,161.0099945,163.5899963,160.8899994,161.5099945,161.0188446,67829400,AAPL,0.0,-0.006153467687182723,0.021221877666231365,0.019575769806651988,0.0,0.0,0.0,0.0,0.0,1,1,0,0,1,0,2
2022-08-02,160.1000061,162.4100037,159.6300049,160.0099945,159.523407,59907000,AAPL,0.0,-0.009287350944712003,0.02095959693916273,0.019220760092484412,0.0,0.0,0.0,0.0,0.0,1,1,1,0,0,1,3
2022-08-03,160.8399963,166.5899963,160.75,166.1300049,165.6248169,82507500,AAPL,0.0,0.038247675835024086,0.021070019502299857,0.017967060726529354,0.0,0.0,0.0,0.0,0.0,1,1,1,1,0,0,3
2022-08-04,166.0099945,167.1900024,164.4299927,165.8099976,165.3057861,55474100,AAPL,0.0,-0.0019262462563136573,0.022219866970738404,0.012596443321245182,0.0,0.0,0.0,0.0,0.0,0,1,1,1,1,0,4
2022-08-05,163.2100067,165.8500061,163.0,165.3500061,165.0761719,56697000,AAPL,0.0,-0.0027742084714921234,0.02285786208144815,0.01292564626799214,0.0,0.0,0.0,0.0,0.0,0,0,1,1,1,1,4
2022-08-08,166.3699951,167.8099976,164.1999969,164.8699951,164.5969543,60276900,AAPL,0.0,-0.0029029995905152095,0.019575769806651978,0.014524793900660608,0.0,0.0,0.0,0.0,0.0,1,0,0,1,1,1,3
2022-08-09,164.0200043,165.8200073,163.25,164.9199982,164.6468658,63135500,AAPL,0.0,0.0003032880541402605,0.0192207600924844,0.013309226750998942,0.0,0.0,0.0,0.0,0.0,0,1,0,0,1,1,3
2022-08-10,167.6799927,169.3399963,166.8999939,169.2400055,168.9597321,70170500,AAPL,0.0,0.026194563104233515,0.01796706072652934,0.013541230627306621,0.0,0.0,0.0,0.0,0.0,1,0,1,0,0,1,2
2022-08-11,170.0599976,170.9900055,168.1900024,168.4900055,168.210968,57149200,AAPL,0.5057986378669739,-0.004431576315447439,0.012596443321245161,0.010028583629950624,0.5057986378669739,0.5057986378669739,0.5057986378669739,0.5057986378669739,0.5057986378669739,1,1,0,1,0,0,2
2022-08-12,169.8200073,172.1699982,169.3999939,172.1000061,171.8149872,68039400,AAPL,0.0,0.02142560675505467,0.01292564626799212,0.009490663802386355,0.0,0.0,0.0,0.0,0.0,1,1,1,0,1,0,3
2022-08-15,171.5200043,173.3899994,171.3500061,173.1900024,172.903183,54091700,AAPL,0.0,0.006333505295558428,0.014524793900660592,0.009346222271035912,0.0,0.0,0.0,0.0,0.0,1,1,1,1,0,1,4
2022-08-16,172.7799988,173.7100067,171.6600037,173.0299988,172.7434387,56377100,AAPL,0.0,-0.0009238616420275125,0.013309226750998923,0.012546260120479368,0.0,0.0,0.0,0.0,0.0,1,1,1,1,1,0,4
2022-08-17,172.7700043,176.1499939,172.5700073,174.5500031,174.2609253,79542000,AAPL,0.0,0.00878462873803132,0.013541230627306604,0.012432404122846328,0.0,0.0,0.0,0.0,0.0,1,1,1,1,1,1,5
2022-08-18,173.75,174.8999939,173.1199951,174.1499939,173.8615875,62290100,AAPL,0.0,-0.002291659655662248,0.0100285836299506,0.01049274060297764,0.0,0.0,0.0,0.0,0.0,1,1,1,1,1,1,5
2022-08-19,173.0299988,173.7400055,171.3099976,171.5200043,171.2359467,70346300,AAPL,0.0,-0.015101864439399093,0.009490663802386329,0.01481991482002293,0.0,0.0,0.0,0.0,0.0,0,1,1,1,1,1,5
2022-08-22,169.6900024,169.8600006,167.1399994,167.5700073,167.2924957,69026800,AAPL,0.0,-0.023029366260341355,0.009346222271035886,0.020962182093709068,0.0,0.0,0.0,0.0,0.0,1,0,1,1,1,1,4
2022-08-23,167.0800018,168.7100067,166.6499939,167.2299957,166.9530487,54147100,AAPL,0.0,-0.002029071941205274,0.012546260120479349,0.01980701960276358,0.0,0.0,0.0,0.0,0.0,1,1,0,1,1,1,4
2022-08-24,167.3200073,168.1100006,166.25,167.5299988,167.2525482,53841500,AAPL,0.0,0.0017939550781200797,0.012432404122846309,0.019806897063926097,0.0,0.0,0.0,0.0,0.0,1,1,1,0,1,1,4
2022-08-25,168.7799988,170.1399994,168.3500061,170.0299988,169.7484131,51218200,AAPL,0.0,0.014922700518756216,0.010492740602977618,0.018706755461960222,0.0,0.0,0.0,0.0,0.0,1,1,1,1,0,1,4
2022-08-26,170.5700073,171.0500031,163.5599976,163.6199951,163.3490143,78961000,AAPL,0.0,-0.03769925157465792,0.014819914820022912,0.015193313386029332,0.0,0.0,0.0,0.0,0.0,1,1,1,1,1,0,4
2022-08-29,161.1499939,162.8999939,159.8200073,161.3800049,161.1127472,73314000,AAPL,0.0,-0.01369019842978847,0.020962182093709057,0.008232104995371284,0.0,0.0,0.0,0.0,0.0,0,1,1,1,1,1,5
2022-08-30,162.1300049,162.5599976,157.7200012,158.9100037,158.6468353,77906200,AAPL,0.0,-0.015305497118620948,0.019807019602763567,0.00792834508048756,0.0,0.0,0.0,0.0,0.0,0,0,1,1,1,1,4
2022-08-31,160.3099976,160.5800018,157.1399994,157.2200012,156.9596252,87991100,AAPL,0.0,-0.010634966085523945,0.01980689706392608,0.010064647375677197,0.0,0.0,0.0,0.0,0.0,0,0,0,1,1,1,3
2022-09-01,156.6399994,158.4199982,154.6699982,157.9600067,157.69841,74229900,AAPL,0.0,0.00470681525475003,0.018706755461960205,0.009898345645136756,0.0,0.0,0.0,0.0,0.0,1,0,0,0,1,1,2
2022-09-02,159.75,160.3600006,154.9700012,155.8099976,155.5519562,76957800,AAPL,0.36679115891456604,-0.013611097802010974,0.015193313386029311,0.013996245744836006,0.36679115891456604,0.36679115891456604,0.36679115891456604,0.36679115891456604,0.36679115891456604,1,1,0,0,0,1,2
2022-09-06,156.4700012,157.0899963,153.6900024,154.5299988,154.2740784,73714800,AAPL,0.2585992217063904,-0.00821512624168097,0.008232104995371248,0.020048374846130923,0.2585992217063904,0.2585992217063904,0.2585992217063904,0.2585992217063904,0.2585992217063904,1,1,1,0,0,0,2
2022-09-07,154.8200073,156.6699982,153.6100006,155.9600067,155.7017212,87449600,AAPL,0.24547886848449707,0.009253917757747532,0.007928345080487521,0.036941339971876964,0.24547886848449707,0.24547886848449707,0.24547886848449707,0.24547886848449707,0.24547886848449707,0,1,1,1,0,0,3
2022-09-08,154.6399994,156.3600006,152.6799927,154.4600067,154.2042084,84923800,AAPL,0.0,-0.0096178503177764,0.010064647375677168,0.036961152612355296,0.0,0.0,0.0,0.0,0.0,0,0,1,1,1,0,3
2022-09-09,155.4700012,157.8200073,154.75,157.3699951,157.109375,68028800,AAPL,0.0,0.018839753164402895,0.009898345645136726,0.037775021255970084,0.0,0.0,0.0,0.0,0.0,0,0,0,1,1,1,3
2022-09-12,159.5899963,164.2599945,159.3000031,163.4299927,163.1593323,104956000,AAPL,0.5534712672233582,0.038507960784704975,0.013996245744835985,0.03594360728812479,0.5534712672233582,0.5534712672233582,0.5534712672233582,0.5534712672233582,0.5534712672233582,1,0,0,0,1,1,2
2022-09-13,159.8999939,160.5399933,153.3699951,153.8399963,153.5852203,122656600,AAPL,0.0,-0.058679537590164865,0.020048374846130906,0.031861015793235026,0.0,0.0,0.0,0.0,0.0,0,1,0,0,0,1,2
2022-09-14,154.7899933,157.1000061,153.6100006,155.3099976,155.0527802,87965400,AAPL,0.5102496147155762,0.009555390895443105,0.03694133997187696,0.018445781858605424,0.5102496147155762,0.5102496147155762,0.5102496147155762,0.5102496147155762,0.5102496147155762,1,0,1,0,0,0,1
2022-09-15,154.6499939,155.2400055,151.3800049,152.3699951,152.1176453,90481100,AAPL,0.0,-0.0189298985605032,0.03696115261235528,0.020893158473465002,0.0,0.0,0.0,0.0,0.0,1,1,0,1,0,0,2
2022-09-16,151.2100067,151.3500061,148.3699951,150.6999969,150.4504242,162278800,AAPL,0.0,-0.010960151300812182,0.03777502125597007,0.019000833514795572,0.0,0.0,0.0,0.0,0.0,0,1,1,0,1,0,3
2022-09-19,149.3099976,154.5599976,149.1000061,154.4799957,154.2241516,81474200,AAPL,0.0,0.025082938803962174,0.03594360728812478,0.01971359381383508,0.0,0.0,0.0,0.0,0.0,1,0,1,1,0,1,3
2022-09-20,153.3999939,158.0800018,153.0800018,156.8999939,156.640152,107689800,AAPL,0.0,0.015665447095814633,0.03186101579323502,0.014291494722062172,0.0,0.0,0.0,0.0,0.0,1,1,0,1,1,0,3
2022-09-21,157.3399963,158.7400055,153.6000061,153.7200012,153.4654236,101696800,AAPL,0.0,-0.020267640685994848,0.018445781858605407,0.01130667529269718,0.0,0.0,0.0,0.0,0.0,0,1,1,0,1,1,4
2022-09-22,152.3800049,154.4700012,150.9100037,152.7400055,152.4870453,86652500,AAPL,0.0,-0.006375199663998021,0.020893158473464984,0.00934608408570133,0.0,0.0,0.0,0.0,0.0,0,0,1,1,0,1,3
2022-09-23,151.1900024,151.4700012,148.5599976,150.4299927,150.1808624,96029900,AAPL,0.0,-0.015123822946307208,0.019000833514795555,0.021926293811644914,0.0,0.0,0.0,0.0,0.0,0,0,0,1,1,0,2
2022-09-26,149.6600037,153.7700043,149.6399994,150.7700043,150.5203094,93339400,AAPL,0.0,0.002260264684570412,0.019713593813835063,,0.0,0.0,0.0,0.0,0.0,1,0,0,0,1,1,2
2022-09-27,152.7400055,154.7200012,149.9499969,151.7599945,151.508667,84442700,AAPL,0.0,0.006566227842178307,0.014291494722062146,,0.0,0.0,0.0,0.0,0.0,1,1,0,0,0,1,2
2022-09-28,147.6399994,150.6399994,144.8399963,149.8399963,149.5918427,146691400,AAPL,0.0,-0.012651543684656708,0.011306675292697146,,0.0,0.0,0.0,0.0,0.0,0,1,1,0,0,0,2
2022-09-29,146.1000061,146.7200012,140.6799927,142.4799957,142.2440338,128138200,AAPL,0.0,-0.049119065548188345,0.00934608408570129,,0.0,0.0,0.0,0.0,0.0,0,0,1,1,0,0,2
2021-09-30,285.7099915,287.8299866,281.6199951,281.9200134,278.7928467,32343600,MSFT,0.0,,,,0.0,0.0,0.0,0.0,0.0,,0,0,1,1,0,2
2021-10-01,282.1199951,289.980011,281.2900085,289.1000061,285.893219,30086300,MSFT,0.0,0.02546819082976093,,0.018169825879799702,0.0,0.0,0.0,0.0,0.0,1,,0,0,1,1,
2021-10-04,287.3999939,287.75,280.25,283.1099854,279.969635,31350700,MSFT,0.0,-0.020719545394710215,,0.01587324234211358,0.0,0.0,0.0,0.0,0.0,1,1,,0,0,1,
2021-10-05,284.0499878,290.3999939,284.0499878,288.7600098,285.5569458,24993000,MSFT,0.0,0.019956994423976804,,0.009525441630989548,0.0,0.0,0.0,0.0,0.0,1,1,1,,0,0,
2021-10-06,285.7799988,293.6300049,285.5100098,293.1099854,289.8586731,28002600,MSFT,0.0,0.015064328343155742,,0.007853264589481676,0.0,0.0,0.0,0.0,0.0,1,1,1,1,,0,
2021-10-07,295.1799927,296.6400146,293.9200134,294.8500061,291.5794373,20430500,MSFT,0.0,0.005936408811270555,,0.006592772193165737,0.0,0.0,0.0,0.0,0.0,0,1,1,1,1,,
2021-10-08,296.2200012,296.6400146,293.7600098,294.8500061,291.5794373,17685700,MSFT,0.4240061044692993,0.0,0.018169825879799713,0.011088690669135386,0.4240061044692993,0.4240061044692993,0.4240061044692993,0.4240061044692993,0.4240061044692993,1,0,1,1,1,1,4
2021-10-11,292.9200134,297.9700012,292.75,294.230011,290.9663391,19298600,MSFT,0.0,-0.002102747455225429,0.015873242342113594,0.010710190390717723,0.0,0.0,0.0,0.0,0.0,0,1,0,1,1,1,4
2021-10-12,295.3399963,295.4400024,292.3500061,292.8800049,289.6312561,17974100,MSFT,0.0,-0.00458826785007993,0.009525441630989569,0.009651134655801322,0.0,0.0,0.0,0.0,0.0,1,0,1,0,1,1,3
2021-10-13,294.9100037,297.2799988,293.4899902,296.3099976,293.0231934,23416300,MSFT,-0.32628580927848816,0.011711255949927724,0.007853264589481698,0.007334747099287305,-0.32628580927848816,-0.32628580927848816,-0.32628580927848816,-0.32628580927848816,-0.32628580927848816,1,1,0,1,0,1,3
2021-10-14,299.2099915,303.269989,297.8299866,302.75,299.3917847,27262900,MSFT,0.0,0.02173400307840323,0.006592772193165763,0.009213919469169786,0.0,0.0,0.0,0.0,0.0,1,1,1,0,1,0,3
2021-10-15,302.3399963,304.4500122,300.519989,304.2099915,300.8356018,25384800,MSFT,0.0,0.004822432700247736,0.011088690669135402,0.0055500870817785965,0.0,0.0,0.0,0.0,0.0,0,1,1,1,0,1,4
2021-10-18,303.5700073,308.2099915,302.6900024,307.2900085,303.8814392,22729300,MSFT,0.0,0.010124641155975889,0.01071019039071774,0.007267256724333163,0.0,0.0,0.0,0.0,0.0,0,0,1,1,1,0,3
2021-10-19,308.3500061,309.2999878,307.2200012,308.230011,304.8110352,17682100,MSFT,0.0,0.0030590076930534504,0.009651134655801339,0.006542434140195685,0.0,0.0,0.0,0.0,0.0,0,0,0,1,1,1,3
2021-10-20,309.2099915,309.7000122,306.1099854,307.4100037,304.0000916,16537100,MSFT,0.0,-0.002660374625233941,0.007334747099287329,0.007019399693394049,0.0,0.0,0.0,0.0,0.0,0,0,0,0,1,1,2
2021-10-21,307.1700134,311.019989,306.3599854,310.7600098,307.3129272,16918100,MSFT,0.0,0.010897518166875342,0.009213919469169805,0.01905211428810053,0.0,0.0,0.0,0.0,0.0,1,0,0,0,0,1,1
2021-10-22,310.3999939,311.0899963,307.7999878,309.1600037,305.7306519,17449300,MSFT,0.0,-0.005148687249140305,0.005550087081778629,0.019259449175516728,0.0,0.0,0.0,0.0,0.0,1,1,0,0,0,0,1
2021-10-25,309.3599854,309.3999939,306.4599915,308.1300049,304.7120972,17554500,MSFT,0.0,-0.0033316043073912116,0.007267256724333188,0.018205267416993052,0.0,0.0,0.0,0.0,0.0,0,1,1,0,0,0,2
2021-10-26,311.0,312.3999939,308.6000061,310.1099854,306.6701355,28107300,MSFT,0.0,0.006425795828103764,0.006542434140195712,0.019083552489939856,0.0,0.0,0.0,0.0,0.0,1,0,1,1,0,0,2
2021-10-27,316.0,326.1000061,316.0,323.1700134,319.5852966,52588700,MSFT,0.0,0.042114180822504954,0.007019399693394075,0.018744386139729435,0.0,0.0,0.0,0.0,0.0,1,1,0,1,1,0,3
2021-10-28,324.3299866,324.8699951,321.3599854,324.3500061,320.7521973,26297900,MSFT,0.0,0.0036513062817478126,0.019052114288100542,0.01092031548730281,0.0,0.0,0.0,0.0,0.0,0,1,1,0,1,1,4
2021-10-29,324.1300049,332.0,323.8999939,331.6199951,327.9415283,34766000,MSFT,0.0,0.02241402455148589,0.019259449175516734,0.010789990587763,0.0,0.0,0.0,0.0,0.0,1,0,1,1,0,1,3
2021-11-01,331.3599854,331.4899902,326.3699951,329.3699951,325.7164917,27073200,MSFT,0.0,-0.006784874353916837,0.018205267416993062,0.007102965982473948,0.0,0.0,0.0,0.0,0.0,0,1,0,1,1,0,3
2021-11-02,330.3099976,333.4500122,330.0,333.1300049,329.4348145,26487100,MSFT,0.0,0.011415762989759992,0.019083552489939863,0.004845438822812157,0.0,0.0,0.0,0.0,0.0,1,0,1,0,1,1,3
2021-11-03,333.8999939,334.8999939,330.6499939,334.0,330.2951355,21500100,MSFT,0.0,0.002611578324387631,0.01874438613972944,0.004009458349999237,0.0,0.0,0.0,0.0,0.0,0,1,0,1,0,1,3
2021-11-04,332.8900146,336.5400085,329.5100098,336.4400024,332.7080688,23992200,MSFT,0.26859626173973083,0.007305396407185638,0.010920315487302823,0.00849825688386972,0.26859626173973083,0.26859626173973083,0.26859626173973083,0.26859626173973083,0.26859626173973083,1,0,1,0,1,0,2
2021-11-05,338.5100098,338.7900085,334.4200134,336.0599976,332.3323059,22570100,MSFT,0.0,-0.0011294875677365646,0.010789990587763013,0.00790018353910077,0.0,0.0,0.0,0.0,0.0,0,1,0,1,0,1,3
2021-11-08,337.2999878,337.6499939,334.4400024,336.9899902,333.2519531,20897000,MSFT,0.0,0.0027673409707840158,0.007102965982473966,0.010512465622963946,0.0,0.0,0.0,0.0,0.0,1,0,1,0,1,0,2
2021-11-09,337.1099854,338.7200012,334.5299988,335.9500122,332.2235107,21307400,MSFT,0.3786771893501282,-0.0030860797953755625,0.0048454388228121835,0.010461908113191708,0.3786771893501282,0.3786771893501282,0.3786771893501282,0.3786771893501282,0.3786771893501282,0,1,0,1,0,1,3
2021-11-10,334.5700073,334.6300049,329.9200134,330.7999878,327.1306152,25500900,MSFT,0.0,-0.015329734225263403,0.004009458349999269,0.011302179478122405,0.0,0.0,0.0,0.0,0.0,1,0,1,0,1,0,2
2021-11-11,331.25,333.769989,330.5100098,332.4299927,328.7425537,16849800,MSFT,0.0,0.004927463603733528,0.008498256883869735,0.006628477483501943,0.0,0.0,0.0,0.0,0.0,1,1,0,1,0,1,3
2021-11-12,333.9200134,337.230011,333.7900085,336.7200012,332.9849854,23831000,MSFT,0.0,0.012904998328088668,0.007900183539100786,0.006654773033046241,0.0,0.0,0.0,0.0,0.0,0,1,1,0,1,0,3
2021-11-15,337.5400085,337.8800049,334.0299988,336.0700073,332.3421936,16723000,MSFT,0.0,-0.0019303691425622826,0.010512465622963959,0.00518967690664087,0.0,0.0,0.0,0.0,0.0,0,0,1,1,0,1,3
2021-11-16,335.6799927,340.6700134,335.5100098,339.5100098,335.7440491,20886800,MSFT,0.2514715790748596,0.010235969962440583,0.01046190811319172,0.007768388140978171,0.2514715790748596,0.2514715790748596,0.2514715790748596,0.2514715790748596,0.2514715790748596,1,0,0,1,1,0,2
2021-11-17,338.9400024,342.1900024,338.0,339.1199951,335.9718933,19053400,MSFT,0.0,-0.0011487575881187206,0.011302179478122417,0.007006627802650889,0.0,0.0,0.0,0.0,0.0,0,1,0,0,1,1,3
2021-11-18,338.1799927,342.4500122,337.1199951,341.269989,338.1019287,22463500,MSFT,0.0,0.0063399207686531955,0.006628477483501963,0.007048544482479336,0.0,0.0,0.0,0.0,0.0,0,0,1,0,0,1,2
2021-11-19,342.6400146,345.1000061,342.2000122,343.1099854,339.9248047,21963400,MSFT,0.0,0.0053916150241972716,0.006654773033046262,0.01140873586836981,0.0,0.0,0.0,0.0,0.0,0,0,0,1,0,0,1
2021-11-22,344.6199951,349.6700134,339.5499878,339.8299866,336.6753235,31031100,MSFT,0.0,-0.00955961335889477,0.005189676906640895,0.016592062483097515,0.0,0.0,0.0,0.0,0.0,0,0,0,0,1,0,1
2021-11-23,337.0499878,339.4500122,333.5599976,337.6799927,334.5452576,30427600,MSFT,0.0,-0.0063266750574623165,0.0077683881409781885,0.017718036764585728,0.0,0.0,0.0,0.0,0.0,0,0,0,0,0,1,1
2021-11-24,336.2799988,338.1600037,333.9100037,337.9100037,334.7731018,21661300,MSFT,0.5381049811840057,0.000681150808375941,0.007006627802650908,0.017782681640271622,0.5381049811840057,0.5381049811840057,0.5381049811840057,0.5381049811840057,0.5381049811840057,0,0,0,0,0,0,0
2021-11-26,334.3500061,337.9299927,328.1199951,329.6799927,326.6195068,24217200,MSFT,0.0,-0.024355629930703948,0.007048544482479355,0.017639486833214903,0.0,0.0,0.0,0.0,0.0,1,0,0,0,0,0,0
2021-11-29,334.9400024,339.0299988,334.7399902,336.6300049,333.5050049,28563500,MSFT,0.7572751641273499,0.021081085761623264,0.011408735868369822,0.016430393324940694,0.7572751641273499,0.7572751641273499,0.7572751641273499,0.7572751641273499,0.7572751641273499,0,1,0,0,0,0,1
2021-11-30,335.3200073,337.7799988,328.9899902,330.5899963,327.5210876,42885600,MSFT,0.0,-0.017942573484482693,0.016592062483097525,0.012428164731712208,0.0,0.0,0.0,0.0,0.0,0,0,1,0,0,0,1
2021-12-01,335.1300049,339.2799988,329.3900146,330.0799866,327.0158081,33337600,MSFT,0.573405385017395,-0.0015427257500472136,0.017718036764585735,0.01709173361678932,0.573405385017395,0.573405385017395,0.573405385017395,0.573405385017395,0.573405385017395,1,0,0,1,0,0,1
2021-12-02,330.2999878,333.4899902,327.7999878,329.4899902,326.4312744,30766000,MSFT,0.31860116124153137,-0.001787434633881424,0.017782681640271632,0.017002697867517628,0.31860116124153137,0.31860116124153137,0.31860116124153137,0.31860116124153137,0.31860116124153137,1,1,0,0,1,0,2
2021-12-03,331.9899902,332.7000122,318.0299988,323.0100098,320.0114441,41779300,MSFT,0.0,-0.01966669881554428,0.017639486833214913,0.017354309381739704,0.0,0.0,0.0,0.0,0.0,0,1,1,0,0,1,3
2021-12-06,323.9500122,327.4500122,319.230011,326.1900024,323.1618958,30032600,MSFT,0.0,0.009844873234637674,0.016430393324940704,0.01532268227798832,0.0,0.0,0.0,0.0,0.0,0,0,1,1,0,0,2
2021-12-07,331.6400146,335.7999878,330.1000061,334.9200134,331.8108826,31021900,MSFT,0.0,0.02676357624625947,0.012428164731712222,0.018073128533761765,0.0,0.0,0.0,0.0,0.0,0,0,0,1,1,0,2
2021-12-08,335.3099976,335.5,330.7999878,334.9700012,331.8604126,24761000,MSFT,0.32536065578460693,0.00014925294995826732,0.01709173361678933,0.021847359833966167,0.32536065578460693,0.32536065578460693,0.32536065578460693,0.32536065578460693,0.32536065578460693,0,0,0,0,1,1,2
2021-12-09,334.4100037,336.4899902,332.1199951,333.1000061,330.007782,22214200,MSFT,0.5113928318023682,-0.005582574837450949,0.017002697867517638,0.02423616594323376,0.5113928318023682,0.5113928318023682,0.5113928318023682,0.5113928318023682,0.5113928318023682,0,0,0,0,0,1,1
2021-12-10,334.980011,343.0,334.7900085,342.5400085,339.360199,38095700,MSFT,0.0,0.028339844572581763,0.017354309381739715,0.027651348416222677,0.0,0.0,0.0,0.0,0.0,1,0,0,0,0,0,0
2021-12-13,340.6799927,343.7900085,339.0799866,339.3999939,336.2492676,28899400,MSFT,0.0,-0.009166855030308008,0.01532268227798833,0.02103168907285456,0.0,0.0,0.0,0.0,0.0,1,1,0,0,0,0,1
2021-12-14,333.2200012,334.6400146,324.1099854,328.3399963,325.2919617,44438700,MSFT,0.44778895378112793,-0.03258691160512728,0.01807312853376177,0.021007793700341473,0.44778895378112793,0.44778895378112793,0.44778895378112793,0.44778895378112793,0.44778895378112793,0,1,1,0,0,0,2
2021-12-15,328.6099854,335.1900024,324.5,334.6499939,331.5433655,35381100,MSFT,0.0,0.01921787680790099,0.02184735983396617,0.02182388039567485,0.0,0.0,0.0,0.0,0.0,0,0,1,1,0,0,2
2021-12-16,335.7099915,336.7600098,323.019989,324.8999939,321.8839111,35034800,MSFT,0.0,-0.029134917608614974,0.024236165943233762,0.021567087773724503,0.0,0.0,0.0,0.0,0.0,1,0,0,1,1,0,2
2021-12-17,320.8800049,324.9200134,317.25,323.7999878,320.7940979,47750300,MSFT,0.0,-0.0033856759638432044,0.027651348416222684,0.014591415984601359,0.0,0.0,0.0,0.0,0.0,1,1,0,0,1,1,3
2021-12-20,320.0499878,322.7999878,317.5700073,319.9100037,316.9402161,28326500,MSFT,0.0,-0.012013539983215527,0.021031689072854565,0.01512921158504259,0.0,0.0,0.0,0.0,0.0,0,1,1,0,0,1,3
2021-12-21,323.2900085,327.730011,319.7999878,327.2900085,324.251709,24740600,MSFT,0.0,0.02306900289032754,0.02100779370034148,0.011998057448135716,0.0,0.0,0.0,0.0,0.0,1,0,1,1,0,0,2
2021-12-22,328.2999878,333.6099854,325.75,333.2000122,330.1068726,24831500,MSFT,0.0,0.01805739114092142,0.021823880395674858,0.011272804908744995,0.0,0.0,0.0,0.0,0.0,1,1,0,1,1,0,3
2021-12-23,332.75,336.3900146,332.730011,334.6900024,331.5830078,19617800,MSFT,0.912922739982605,0.004471759139989651,0.02156708777372451,0.011881336554811503,0.912922739982605,0.912922739982605,0.912922739982605,0.912922739982605,0.912922739982605,1,1,1,0,1,1,4
2021-12-27,335.4599915,342.480011,335.4299927,342.4500122,339.2709961,19947000,MSFT,0.0,0.023185663582283356,0.014591415984601369,0.013095562673754524,0.0,0.0,0.0,0.0,0.0,1,1,1,1,0,1,4
2021-12-28,343.1499939,343.8099976,340.3200073,341.25,338.0820923,15661500,MSFT,0.0,-0.0035041966922143564,0.015129211585042601,0.004270972488347359,0.0,0.0,0.0,0.0,0.0,1,1,1,1,1,0,4
2021-12-29,341.2999878,344.2999878,339.6799927,341.9500122,338.7756348,15042000,MSFT,0.0,0.002051317802197916,0.011998057448135728,0.006961661230563171,0.0,0.0,0.0,0.0,0.0,1,1,1,1,1,1,5
2021-12-30,341.9100037,343.1300049,338.8200073,339.3200073,336.1700439,15994500,MSFT,0.0,-0.0076911969766556565,0.011272804908745009,0.013684819288608962,0.0,0.0,0.0,0.0,0.0,0,1,1,1,1,1,5
2021-12-31,338.5100098,339.3599854,335.8500061,336.3200073,333.197876,18000800,MSFT,0.0,-0.008841211645229108,0.011881336554811517,0.013655644707477014,0.0,0.0,0.0,0.0,0.0,0,0,1,1,1,1,4
2022-01-03,335.3500061,338.0,329.7799988,334.75,331.6424866,28865100,MSFT,0.0,-0.00466819477260394,0.013095562673754538,0.015316007098246319,0.0,0.0,0.0,0.0,0.0,0,0,0,1,1,1,3
2022-01-04,334.8299866,335.2000122,326.1199951,329.0100098,325.95578,32674300,MSFT,0.0,-0.01714709544436155,0.004270972488347398,0.016257701864018332,0.0,0.0,0.0,0.0,0.0,0,0,0,0,1,1,2
2022-01-05,325.8599854,326.0700073,315.980011,316.3800049,313.4430237,40054300,MSFT,0.0,-0.03838790469529341,0.0069616612305631945,0.017144981738501108,0.0,0.0,0.0,0.0,0.0,0,0,0,0,0,1,1
2022-01-06,313.1499939,318.7000122,311.4899902,313.8800049,310.9661865,39646100,MSFT,0.0,-0.007901890009737511,0.013684819288608974,0.006521731572225982,0.0,0.0,0.0,0.0,0.0,1,0,0,0,0,0,0
2022-01-07,314.1499939,316.5,310.0899963,314.0400085,311.1247559,32720000,MSFT,0.0,0.0005097604100361419,0.013655644707477026,0.020887539341012104,0.0,0.0,0.0,0.0,0.0,0,1,0,0,0,0,1
2022-01-10,309.4899902,314.7200012,304.6900024,314.269989,311.3525391,44289500,MSFT,0.0,0.0007323286644225213,0.015316007098246329,0.023424700959628782,0.0,0.0,0.0,0.0,0.0,1,0,1,0,0,0,1
2022-01-11,313.3800049,316.6099854,309.8900146,314.980011,312.0559998,29386800,MSFT,0.7199136912822723,0.0022592739518629834,0.01625770186401834,0.025243799613770577,0.7199136912822723,0.7199136912822723,0.7199136912822723,0.7199136912822723,0.7199136912822723,0,1,0,1,0,0,2
2022-01-12,319.6700134,323.4100037,317.0799866,318.269989,315.3154297,34372200,MSFT,0.0,0.010445037415406144,0.017144981738501115,0.0252426252971426,0.0,0.0,0.0,0.0,0.0,1,0,1,0,1,0,2
2022-01-13,320.4700012,320.8800049,304.0,304.7999878,301.9704895,45366000,MSFT,0.7449920773506165,-0.042322561553235216,0.006521731572226003,0.023376608965049766,0.7449920773506165,0.7449920773506165,0.7449920773506165,0.7449920773506165,0.7449920773506165,0,1,0,1,0,1,3
2022-01-14,304.25,310.8200073,303.75,310.2000122,307.320343,39846400,MSFT,0.0,0.017716616194694,0.02088753934101211,0.01674765179872177,0.0,0.0,0.0,0.0,0.0,1,0,1,0,1,0,2
2022-01-18,304.0700073,309.7999878,301.7399902,302.6499939,299.8404236,42333200,MSFT,0.0,-0.02433919407821339,0.02342470095962879,0.011887872294679155,0.0,0.0,0.0,0.0,0.0,0,1,0,1,0,1,3
2022-01-19,306.2900085,313.9100037,302.7000122,303.3299866,300.5141296,45933900,MSFT,-0.4570363909006119,0.0022467956838110315,0.025243799613770584,0.012631621998581376,-0.4570363909006119,-0.4570363909006119,-0.4570363909006119,-0.4570363909006119,-0.4570363909006119,1,0,1,0,1,0,2
2022-01-20,309.0700073,311.6499939,301.1400146,301.6000061,298.8002014,35380700,MSFT,0.0,-0.00570329534310543,0.025242625297142607,0.02123988378583413,0.0,0.0,0.0,0.0,0.0,1,1,0,1,0,1,3
2022-01-21,302.6900024,304.1099854,295.6099854,296.0299988,293.2819214,57984400,MSFT,0.0,-0.018468193591989368,0.023376608965049773,0.022179638549974155,0.0,0.0,0.0,0.0,0.0,0,1,1,0,1,0,3
2022-01-24,292.2000122,297.1099854,276.0499878,296.3699951,293.6187439,85731500,MSFT,0.0,0.0011485197492762111,0.016747651798721782,0.02276222771896426,0.0,0.0,0.0,0.0,0.0,1,0,1,1,0,1,3
2022-01-25,291.519989,294.9899902,285.1700134,288.4899902,285.8118896,72848600,MSFT,0.0,-0.026588403111931447,0.01188787229467917,0.02241238440727901,0.0,0.0,0.0,0.0,0.0,0,1,0,1,1,0,3
2022-01-26,307.9899902,308.5,293.0299988,296.7099915,293.9555664,90428900,MSFT,0.0,0.02849319414618634,0.01263162199858139,0.014946668804425554,0.0,0.0,0.0,0.0,0.0,1,0,1,0,1,1,3
2022-01-27,302.6600037,307.2999878,297.9299927,299.8399963,297.0565186,53481300,MSFT,0.0,0.010549037409143036,0.021239883785834142,0.012683704814185091,0.0,0.0,0.0,0.0,0.0,1,1,0,1,0,1,3
2022-01-28,300.230011,308.480011,294.4500122,308.2600098,305.398407,49743700,MSFT,0.0,0.028081688913761393,0.022179638549974165,0.025783272056850805,0.0,0.0,0.0,0.0,0.0,0,1,1,0,1,0,3
2022-01-31,308.9500122,312.3800049,306.3699951,310.980011,308.0931396,46444500,MSFT,0.0,0.008823723848464082,0.02276222771896427,0.02297717793931605,0.0,0.0,0.0,0.0,0.0,0,0,1,1,0,1,3
2022-02-01,310.4100037,310.6300049,305.1300049,308.7600098,305.8937378,40950400,MSFT,0.0,-0.007138726353701275,0.022412384407279017,0.022959276134704283,0.0,0.0,0.0,0.0,0.0,0,0,0,1,1,0,2
2022-02-02,309.6300049,315.1199951,308.8800049,313.4599915,310.5501099,36636000,MSFT,0.0,0.015222119286252278,0.014946668804425568,0.02434211268452725,0.0,0.0,0.0,0.0,0.0,1,0,0,0,1,1,2
2022-02-03,309.4899902,311.230011,299.9599915,301.25,298.4534302,43730000,MSFT,0.0,-0.03895231235594543,0.01268370481418511,0.025687807995063604,0.0,0.0,0.0,0.0,0.0,0,1,0,0,0,1,2
2022-02-04,300.2099915,308.7999878,299.9700012,305.9400024,303.0999146,35096500,MSFT,0.0,0.015568472697095492,0.02578327205685081,0.02196380126749462,0.0,0.0,0.0,0.0,0.0,1,0,1,0,0,0,1
2022-02-07,306.1700134,307.8399963,299.8999939,300.9500122,298.1562195,28533300,MSFT,0.0,-0.016310355497336615,0.02297717793931606,0.022550757226307814,0.0,0.0,0.0,0.0,0.0,0,1,0,1,0,0,2
2022-02-08,301.25,305.5599976,299.9500122,304.5599976,301.7327271,32421200,MSFT,0.0,0.01199529906515151,0.022959276134704294,0.022040213012979135,0.0,0.0,0.0,0.0,0.0,0,0,1,0,1,0,2
2022-02-09,309.8699951,311.9299927,307.3900146,311.2099915,308.3209839,31284700,MSFT,0.0,0.021834758183620462,0.02434211268452726,0.023367058003706736,0.0,0.0,0.0,0.0,0.0,1,0,0,1,0,1,2
2022-02-10,304.0400085,309.1199951,300.7000122,302.3800049,299.572937,45386200,MSFT,0.0,-0.028373081974137015,0.025687807995063615,0.01915556340003631,0.0,0.0,0.0,0.0,0.0,0,1,0,0,1,0,2
2022-02-11,303.1900024,304.2900085,294.2200012,295.0400085,292.3010864,39175600,MSFT,0.0,-0.024274079902959933,0.02196380126749463,0.01940594562828088,0.0,0.0,0.0,0.0,0.0,0,0,1,0,0,1,2
2022-02-14,293.769989,296.7600098,291.3500061,295.0,292.2614746,36359500,MSFT,0.0,-0.00013560364305642558,0.022550757226307824,0.01726116363958919,0.0,0.0,0.0,0.0,0.0,0,0,0,1,0,0,1
2022-02-15,300.0100098,300.7999878,297.019989,300.4700012,297.6807251,27058300,MSFT,0.0,0.018542376949152617,0.022040213012979145,0.017223512262574937,0.0,0.0,0.0,0.0,0.0,0,0,0,0,1,0,1
2022-02-16,298.3699951,300.8699951,293.6799927,299.5,297.333252,29982100,MSFT,0.0,-0.003228279682251367,0.023367058003706746,0.013095001224201047,0.0,0.0,0.0,0.0,0.0,0,0,0,0,0,1,1
2022-02-17,296.3599854,296.7999878,290.0,290.730011,288.626709,32461600,MSFT,0.6867504715919495,-0.02928210016694499,0.01915556340003632,0.03236523528606627,0.6867504715919495,0.6867504715919495,0.6867504715919495,0.6867504715919495,0.6867504715919495,0,0,0,0,0,0,0
2022-02-18,293.0499878,293.8599854,286.3099976,287.9299927,285.8469238,34264000,MSFT,0.0,-0.009630991621294882,0.01940594562828089,0.028912171604886037,0.0,0.0,0.0,0.0,0.0,0,0,0,0,0,0,0
2022-02-22,285.0,291.5400085,284.5,287.7200012,285.6384277,41736100,MSFT,0.0,-0.0007293144351890879,0.017261163639589204,0.027804318175306177,0.0,0.0,0.0,0.0,0.0,1,0,0,0,0,0,0
2022-02-23,290.1799927,291.7000122,280.1000061,280.269989,278.2423706,37811200,MSFT,0.0,-0.025893271823050457,0.017223512262574948,0.029219586868084714,0.0,0.0,0.0,0.0,0.0,0,1,0,0,0,0,1
2022-02-24,272.5100098,295.1600037,271.519989,294.5899963,292.4587708,56989700,MSFT,0.0,0.051093616377171136,0.013095001224201062,0.023533203215379488,0.0,0.0,0.0,0.0,0.0,1,0,1,0,0,0,1
2022-02-25,295.1400146,297.6300049,291.6499939,297.3099976,295.1590576,32546700,MSFT,0.7037633061408997,0.009233176055408299,0.032365235286066274,0.014038767911949931,0.7037633061408997,0.7037633061408997,0.7037633061408997,0.7037633061408997,0.7037633061408997,0,1,0,1,0,0,2
2022-02-28,294.3099976,299.1400146,293.0,298.7900085,296.6283569,34627500,MSFT,0.0,0.0049780058253918735,0.028912171604886044,0.01584420845723424,0.0,0.0,0.0,0.0,0.0,1,0,1,0,1,0,2
2022-03-01,296.3999939,299.9700012,292.1499939,294.9500122,292.8161621,31217800,MSFT,0.8455268740653992,-0.01285182298858567,0.027804318175306184,0.020103176987691252,0.8455268740653992,0.8455268740653992,0.8455268740653992,0.8455268740653992,0.8455268740653992,0,1,0,1,0,1,3
2022-03-02,295.3599854,301.4700012,293.7000122,300.1900024,298.018219,31873000,MSFT,0.0,0.017765689043087285,0.02921958686808472,0.020136207730531576,0.0,0.0,0.0,0.0,0.0,0,0,1,0,1,0,2
2022-03-03,302.8900146,303.1300049,294.0499878,295.9200134,293.7791443,27314500,MSFT,0.0,-0.014224287837242167,0.023533203215379495,0.03158121914299407,0.0,0.0,0.0,0.0,0.0,0,0,0,1,0,1,2
2022-03-04,294.2900085,295.6600037,287.1700134,289.8599854,287.76297,32356500,MSFT,0.0,-0.020478601397630247,0.014038767911949938,0.03141535412365495,0.0,0.0,0.0,0.0,0.0,0,0,0,0,1,0,1
2022-03-07,288.5299988,289.6900024,278.5299988,278.9100037,276.8922119,43157200,MSFT,0.0,-0.03777679656227573,0.015844208457234246,0.03129312423849609,0.0,0.0,0.0,0.0,0.0,0,0,0,0,0,1,1
2022-03-08,277.7999878,283.9599915,270.0,275.8500061,273.8543091,48159500,MSFT,0.0,-0.010971272307935598,0.020103176987691256,0.026718181119546734,0.0,0.0,0.0,0.0,0.0,1,0,0,0,0,0,0
2022-03-09,283.4400024,289.6000061,280.7799988,288.5,286.4127808,35204500,MSFT,0.0,0.04585823317116122,0.020136207730531583,0.031187714078555483,0.0,0.0,0.0,0.0,0.0,1,1,0,0,0,0,1
2022-03-10,283.019989,286.6000061,280.5799866,285.5899963,283.5238342,30628000,MSFT,0.0,-0.010086667937608373,0.03158121914299407,0.025917551143707522,0.0,0.0,0.0,0.0,0.0,1,1,1,0,0,0,2
2022-03-11,287.9599915,289.5100098,279.4299927,280.0700073,278.0437927,27209300,MSFT,0.0,-0.019328369591074535,0.03141535412365495,0.02474049728054448,0.0,0.0,0.0,0.0,0.0,1,1,1,1,0,0,3
2022-03-14,280.3399963,285.3999939,275.8200073,276.4400024,274.4400635,30660700,MSFT,0.0,-0.012961062610719498,0.03129312423849609,0.020016985545605232,0.0,0.0,0.0,0.0,0.0,1,1,1,1,1,0,4
2022-03-15,280.3500061,287.8200073,278.730011,287.1499939,285.0725708,34245100,MSFT,0.5642590522766113,0.03874255320148268,0.026718181119546734,0.017231428627996974,0.5642590522766113,0.5642590522766113,0.5642590522766113,0.5642590522766113,0.5642590522766113,1,1,1,1,1,1,5
2022-03-16,289.1099854,294.5700073,283.2000122,294.3900146,292.2601929,37826300,MSFT,0.0,0.025213375775035907,0.031187714078555483,0.011961777550001296,0.0,0.0,0.0,0.0,0.0,0,1,1,1,1,1,5
2022-03-17,293.2900085,295.6099854,289.3699951,295.2200012,293.084198,30816600,MSFT,0.0,0.0028193435878856032,0.025917551143707522,0.01387051908844754,0.0,0.0,0.0,0.0,0.0,0,0,1,1,1,1,4
2022-03-18,295.3699951,301.0,292.730011,300.4299927,298.2564697,43390600,MSFT,0.0,0.017647826972504,0.02474049728054448,0.014819543625791744,0.0,0.0,0.0,0.0,0.0,0,0,0,1,1,1,3
2022-03-21,298.8900146,300.1400146,294.8999939,299.1600037,296.9956665,28351200,MSFT,0.6027436256408691,-0.004227237728784861,0.020016985545605232,0.013473150481698913,0.6027436256408691,0.6027436256408691,0.6027436256408691,0.6027436256408691,0.6027436256408691,0,0,0,0,1,1,2
2022-03-22,299.7999878,305.0,298.769989,304.0599976,301.8602295,27599700,MSFT,0.5647132396697998,0.01637917448655246,0.01723142862799697,0.015582806554019548,0.5647132396697998,0.5647132396697998,0.5647132396697998,0.5647132396697998,0.5647132396697998,0,0,0,0,0,1,1
2022-03-23,300.5100098,303.230011,297.7200012,299.4899902,297.3233032,25715400,MSFT,0.0,-0.015029952759560095,0.011961777550001289,0.015421573718199336,0.0,0.0,0.0,0.0,0.0,0,0,0,0,0,0,0
2022-03-24,299.1400146,304.2000122,298.3200073,304.1000061,301.8999634,24484500,MSFT,0.0,0.015392888079235556,0.013870519088447535,0.012024260993068693,0.0,0.0,0.0,0.0,0.0,0,0,0,0,0,0,0
2022-03-25,305.230011,305.5,299.2900085,303.6799927,301.4830017,22566500,MSFT,0.0,-0.0013811686668031564,0.014819543625791739,0.016294483057625857,0.0,0.0,0.0,0.0,0.0,0,0,0,0,0,0,0
2022-03-28,304.3299866,310.7999878,304.3299866,310.7000122,308.4522095,29578200,MSFT,0.0,0.023116503124178234,0.013473150481698906,0.016121752094553153,0.0,0.0,0.0,0.0,0.0,1,0,0,0,0,0,0
2022-03-29,313.9100037,315.8200073,309.0499878,315.4100037,313.1281433,30393400,MSFT,0.0,0.015159289716951019,0.015582806554019541,0.014676303341870863,0.0,0.0,0.0,0.0,0.0,0,1,0,0,0,0,1
2022-03-30,313.7600098,315.9500122,311.5799866,313.8599854,311.589325,28163600,MSFT,0.4889713227748871,-0.004914296572134935,0.01542157371819933,0.014148249027500222,0.4889713227748871,0.4889713227748871,0.4889713227748871,0.4889713227748871,0.4889713227748871,1,0,1,0,0,0,1
2022-03-31,313.8999939,315.1400146,307.8900146,308.3099976,306.0794678,33422100,MSFT,0.0,-0.01768300534688061,0.012024260993068686,0.020842291100137106,0.0,0.0,0.0,0.0,0.0,1,1,0,1,0,0,2
2022-04-01,309.3699951,310.1300049,305.5400085,309.4200134,307.1814575,27110500,MSFT,0.0,0.003600323728198296,0.016294483057625854,0.02113727450047993,0.0,0.0,0.0,0.0,0.0,1,1,1,0,1,0,3
2022-04-04,310.0899963,315.1099854,309.7099915,314.9700012,312.6912842,24289600,MSFT,0.2978472113609314,0.01793674474709972,0.01612175209455315,0.020989892549212262,0.2978472113609314,0.2978472113609314,0.2978472113609314,0.2978472113609314,0.2978472113609314,0,1,1,1,0,1,4
2022-04-05,313.269989,314.8699951,309.8699951,310.8800049,308.6308899,23156700,MSFT,0.0,-0.012985351888807117,0.014676303341870858,0.01883522074043649,0.0,0.0,0.0,0.0,0.0,1,0,1,1,1,0,3
2022-04-06,305.1900024,307.0,296.7099915,299.5,297.333252,40110400,MSFT,0.0,-0.03660577946677723,0.014148249027500216,0.019003319952653742,0.0,0.0,0.0,0.0,0.0,0,1,0,1,1,1,4
2022-04-07,296.6600037,303.6499939,296.3500061,301.3699951,299.1896973,31411200,MSFT,0.0,0.0062437232053422775,0.020842291100137102,0.02243101876055977,0.0,0.0,0.0,0.0,0.0,1,0,1,0,1,1,3
2022-04-08,300.4400024,301.1199951,296.2799988,296.9700012,294.8215027,24361900,MSFT,0.0,-0.014599973360121532,0.021137274500479926,0.022142702968608954,0.0,0.0,0.0,0.0,0.0,0,1,0,1,0,1,3
2022-04-11,291.7900085,292.6099854,285.0,285.2600098,283.196228,34569300,MSFT,0.0,-0.039431563298252925,0.02098989254921226,0.02340730574123154,0.0,0.0,0.0,0.0,0.0,0,0,1,0,1,0,2
2022-04-12,289.2399902,290.7399902,280.4899902,282.0599976,280.0193787,30966700,MSFT,0.8069370687007904,-0.01121787874242719,0.018835220740436486,0.019648397989601073,0.8069370687007904,0.8069370687007904,0.8069370687007904,0.8069370687007904,0.8069370687007904,0,0,0,1,0,1,2
2022-04-13,282.730011,288.5799866,281.2999878,287.6199951,285.5391541,21907200,MSFT,0.0,0.019712109293444913,0.01900331995265374,0.018588523797688966,0.0,0.0,0.0,0.0,0.0,1,0,0,0,1,0,1
2022-04-14,288.0899963,288.3099976,279.3200073,279.8299866,277.8055115,28221600,MSFT,0.0,-0.027084377417124883,0.022431018760559765,0.018106413668467644,0.0,0.0,0.0,0.0,0.0,1,1,0,0,0,1,2
2022-04-18,278.9100037,282.4599915,278.3399963,280.519989,278.4905396,20778000,MSFT,0.0,0.00246579149141124,0.022142702968608954,0.017221828864322063,0.0,0.0,0.0,0.0,0.0,1,1,1,0,0,0,2
2022-04-19,279.3800049,286.1700134,278.4100037,285.2999878,283.2359314,22297700,MSFT,0.0,0.017039779650069642,0.02340730574123154,0.021553509470167674,0.0,0.0,0.0,0.0,0.0,1,1,1,1,0,0,3
2022-04-20,289.3999939,289.7000122,285.3699951,286.3599854,284.288269,22906700,MSFT,0.0,0.003715379058281343,0.01964839798960107,0.02454518811874494,0.0,0.0,0.0,0.0,0.0,1,1,1,1,1,0,4
2022-04-21,288.5799866,293.2999878,280.0599976,280.8099976,278.7784424,29454600,MSFT,0.0,-0.019381156875837857,0.018588523797688966,0.036242163228591,0.0,0.0,0.0,0.0,0.0,0,1,1,1,1,1,5
2022-04-22,281.6799927,283.2000122,273.3800049,274.0299988,272.0474854,29405800,MSFT,0.28863823413848877,-0.024144435233597883,0.018106413668467644,0.03598206718100798,0.28863823413848877,0.28863823413848877,0.28863823413848877,0.28863823413848877,0.28863823413848877,1,0,1,1,1,1,4
2022-04-25,273.2900085,281.1099854,270.769989,280.7200012,278.6890564,35678900,MSFT,0.0,0.02441339426083311,0.017221828864322063,0.04037077801128525,0.0,0.0,0.0,0.0,0.0,1,1,0,1,1,1,4
2022-04-26,277.5,278.3599854,270.0,270.2200012,268.2650452,46518400,MSFT,0.0,-0.03740381859189024,0.02155350947016767,0.040454467825402886,0.0,0.0,0.0,0.0,0.0,0,1,1,0,1,1,4
2022-04-27,282.1000061,290.9700012,279.1600037,283.2200012,281.1710205,63477700,MSFT,0.0,0.048108948050733735,0.02454518811874494,0.03498281788326652,0.0,0.0,0.0,0.0,0.0,1,0,1,1,0,1,3
2022-04-28,285.1900024,290.980011,281.4599915,289.6300049,287.5346375,33646600,MSFT,0.0,0.022632595412897638,0.036242163228591,0.030388251853288837,0.0,0.0,0.0,0.0,0.0,0,1,0,1,1,0,3
2022-04-29,288.6099854,289.8800049,276.5,277.519989,275.512207,37073900,MSFT,0.0,-0.041812021182616066,0.03598206718100798,0.034920430791254856,0.0,0.0,0.0,0.0,0.0,0,0,1,0,1,1,3
2022-05-02,277.7099915,284.9400024,276.2200012,284.4700012,282.4119568,35151100,MSFT,0.0,0.02504328508026865,0.04037077801128525,0.029731590531248027,0.0,0.0,0.0,0.0,0.0,1,0,0,1,0,1,2
2022-05-03,283.9599915,284.1300049,280.1499939,281.7799988,279.7414246,25978600,MSFT,0.0,-0.009456190068030335,0.040454467825402886,0.028718522692543325,0.0,0.0,0.0,0.0,0.0,0,1,0,0,1,0,2
2022-05-04,282.5899963,290.8800049,276.730011,289.980011,287.8821106,33599300,MSFT,0.0,0.02910076029143638,0.03498281788326653,0.03235293199278816,0.0,0.0,0.0,0.0,0.0,0,0,1,0,0,1,2
2022-05-05,285.5400085,286.3500061,274.3399963,277.3500061,275.3434753,43260400,MSFT,0.0,-0.043554743157796505,0.030388251853288844,0.02556023798097171,0.0,0.0,0.0,0.0,0.0,1,0,0,1,0,0,1
2022-05-06,274.8099976,279.25,271.269989,274.730011,272.7424316,37780300,MSFT,0.0,-0.00944652980845917,0.034920430791254856,0.02230562719355886,0.0,0.0,0.0,0.0,0.0,0,1,0,0,1,0,2
2022-05-09,270.0599976,272.3599854,263.3200073,264.5799866,262.6658325,47726000,MSFT,0.0,-0.03694545187493192,0.029731590531248034,0.028477628534076864,0.0,0.0,0.0,0.0,0.0,0,0,1,0,0,1,2
2022-05-10,271.6900024,273.75,265.0700073,269.5,267.5502625,39336400,MSFT,0.0,0.018595561452795062,0.02871852269254333,0.024174205989395788,0.0,0.0,0.0,0.0,0.0,1,0,0,1,0,0,1
2022-05-11,265.6799927,271.3599854,259.2999878,260.5499878,258.6650085,48975900,MSFT,0.0,-0.03320969276437846,0.032352931992788166,0.024558130919935486,0.0,0.0,0.0,0.0,0.0,1,1,0,0,1,0,2
2022-05-12,257.6900024,259.8800049,250.0200043,255.3500061,253.5026245,51033800,MSFT,0.0,-0.019957712314274012,0.025560237980971717,0.029563811133258056,0.0,0.0,0.0,0.0,0.0,1,1,1,0,0,1,3
2022-05-13,257.3500061,263.0400085,255.3500061,261.1199951,259.230896,34925100,MSFT,0.0,0.02259639264602309,0.022305627193558872,0.028329199203567655,0.0,0.0,0.0,0.0,0.0,0,1,1,1,0,0,3
2022-05-16,259.9599915,265.8200073,255.7799988,261.5,259.6081543,32550900,MSFT,0.0,0.0014552884004708222,0.02847762853407687,0.025053701884527796,0.0,0.0,0.0,0.0,0.0,1,0,1,1,1,0,3
2022-05-17,266.1099854,268.3299866,262.4599915,266.8200073,264.889679,28828800,MSFT,0.593713641166687,0.020344196175908102,0.024174205989395795,0.030570940895128098,0.593713641166687,0.593713641166687,0.593713641166687,0.593713641166687,0.593713641166687,0,1,0,1,1,1,4
2022-05-18,263.0,263.6000061,252.7700043,254.0800018,252.8293304,31356000,MSFT,0.0,-0.047747564468341164,0.024558130919935493,0.028322969789405458,0.0,0.0,0.0,0.0,0.0,1,0,1,0,1,1,3
2022-05-19,253.8999939,257.6700134,251.8800049,253.1399994,251.8939362,32692300,MSFT,0.0,-0.003699631585881047,0.029563811133258067,0.015525238121580853,0.0,0.0,0.0,0.0,0.0,1,1,0,1,0,1,3
2022-05-20,257.2399902,258.5400085,246.4400024,252.5599976,251.316803,39199300,MSFT,0.0,-0.0022912293646785153,0.028329199203567662,0.01449794602356997,0.0,0.0,0.0,0.0,0.0,0,1,1,0,1,0,3
2022-05-23,255.4900055,261.5,253.4299927,260.6499939,259.3669739,33175400,MSFT,0.0,0.032031978052252,0.025053701884527803,0.014342514230422076,0.0,0.0,0.0,0.0,0.0,0,0,1,1,0,1,3
2022-05-24,257.8900146,261.3299866,253.5,259.6199951,258.342041,29043900,MSFT,0.0,-0.003951654801861215,0.030570940895128105,0.01349917229251191,0.0,0.0,0.0,0.0,0.0,1,0,0,1,1,0,2
2022-05-25,258.1400146,264.5799866,257.1300049,262.519989,261.2277527,28547900,MSFT,0.0,0.011170148504482613,0.028322969789405465,0.01233123602047773,0.0,0.0,0.0,0.0,0.0,1,1,0,0,1,1,3
2022-05-26,262.269989,267.1099854,261.4299927,265.8999939,264.5911255,25002100,MSFT,0.0,0.012875228712583953,0.015525238121580867,0.012321911899448368,0.0,0.0,0.0,0.0,0.0,0,1,1,0,0,1,3
2022-05-27,268.480011,273.3399963,267.5599976,273.2399902,271.894989,26910800,MSFT,0.0,0.027604349260573535,0.014497946023569986,0.016424908892134184,0.0,0.0,0.0,0.0,0.0,0,0,1,1,0,0,2
2022-05-31,272.5299988,274.769989,268.9299927,271.8699951,270.5317688,37827700,MSFT,0.0,-0.005013889434695384,0.01434251423042209,0.009170692148020167,0.0,0.0,0.0,0.0,0.0,1,0,0,1,1,0,2
2022-06-01,275.2000122,277.6900024,270.0400085,272.4200134,271.0790405,25292200,MSFT,0.0,0.00202309305886339,0.013499172292511928,0.01181346505657533,0.0,0.0,0.0,0.0,0.0,1,1,0,0,1,1,3
2022-06-02,264.4500122,274.6499939,261.6000061,274.5799866,273.2283936,44008200,MSFT,0.0,0.007928834497296755,0.012331236020477747,0.012290587339598643,0.0,0.0,0.0,0.0,0.0,0,1,1,0,0,1,3
2022-06-03,270.3099976,273.4500122,268.4100037,270.019989,268.6908569,28059000,MSFT,0.0,-0.016607173947614906,0.012321911899448385,0.013480691394176682,0.0,0.0,0.0,0.0,0.0,1,0,1,1,0,0,2
2022-06-06,272.0599976,274.1799927,267.2200012,268.75,267.4270935,22400300,MSFT,0.0,-0.004703314760893584,0.0164249088921342,0.02168106566643903,0.0,0.0,0.0,0.0,0.0,0,1,0,1,1,0,3
2022-06-07,266.6400146,273.1300049,265.9400024,272.5,271.1586609,22860700,MSFT,0.0,0.013953488372093092,0.009170692148020191,0.024549734913709525,0.0,0.0,0.0,0.0,0.0,0,0,1,0,1,1,3
2022-06-08,271.7099915,273.0,269.6099854,270.4100037,269.078949,17372300,MSFT,0.0,-0.007669711192660578,0.011813465056575349,0.022932180689210678,0.0,0.0,0.0,0.0,0.0,0,0,0,1,0,1,2
2022-06-09,267.7799988,272.7099915,264.6300049,264.7900085,263.4866028,26439700,MSFT,0.0,-0.020783237021937184,0.01229058733959866,0.032551524734996236,0.0,0.0,0.0,0.0,0.0,1,0,0,0,1,0,1
2022-06-10,260.5799866,260.5799866,252.5299988,252.9900055,251.7446899,31422800,MSFT,0.0,-0.04456362634997235,0.013480691394176698,0.03299956374481102,0.0,0.0,0.0,0.0,0.0,0,1,0,0,0,1,2
2022-06-13,245.1100006,249.0200043,241.5299988,242.2599945,241.0674896,46135800,MSFT,0.0,-0.042412786144628956,0.02168106566643904,0.029743777817099266,0.0,0.0,0.0,0.0,0.0,0,0,1,0,0,0,1
2022-06-14,243.8600006,245.7400055,241.5099945,244.4900055,243.2865295,28651500,MSFT,0.0,0.009205031993014368,0.024549734913709535,0.022189198124796614,0.0,0.0,0.0,0.0,0.0,1,0,0,1,0,0,1
2022-06-15,248.3099976,255.3000031,246.4199982,251.7599945,250.5207367,33111700,MSFT,0.0,0.029735321839158058,0.02293218068921069,0.022826049883613097,0.0,0.0,0.0,0.0,0.0,1,1,0,0,1,0,2
2022-06-16,245.9799957,247.4199982,243.0200043,244.9700012,243.7641602,33169200,MSFT,0.0,-0.02697010425935642,0.03255152473499624,0.0212377932190132,0.0,0.0,0.0,0.0,0.0,1,1,1,0,0,1,3
2022-06-17,244.6999969,250.5,244.0299988,247.6499939,246.430954,43084800,MSFT,0.0,0.010940085262978627,0.03299956374481103,0.01407057377898865,0.0,0.0,0.0,0.0,0.0,0,1,1,1,0,0,3
2022-06-21,250.2599945,254.75,249.5099945,253.7400055,252.4909973,29928300,MSFT,0.0,0.024591204320639326,0.029743777817099273,0.01911479335465501,0.0,0.0,0.0,0.0,0.0,0,0,1,1,1,0,3
2022-06-22,251.8899994,257.1700134,250.3699951,253.1300049,251.8839874,25939900,MSFT,0.8690875768661499,-0.002404037939535697,0.022189198124796628,0.02633025124854875,0.8690875768661499,0.8690875768661499,0.8690875768661499,0.8690875768661499,0.8690875768661499,1,0,0,1,1,1,3
2022-06-23,255.5700073,259.3699951,253.6300049,258.8599854,257.5857544,25861400,MSFT,0.0,0.02263651242081588,0.02282604988361311,0.026657879581095206,0.0,0.0,0.0,0.0,0.0,1,1,0,0,1,1,3
2022-06-24,261.8099976,267.980011,261.7200012,267.7000122,266.3822937,33923200,MSFT,0.0,0.034149838903606566,0.02123779321901321,0.025820287709604407,0.0,0.0,0.0,0.0,0.0,1,1,1,0,0,1,3
2022-06-27,268.2099915,268.2999878,263.2799988,264.8900146,263.5861206,24615100,MSFT,0.6588134765625,-0.010496815360249823,0.014070573778988666,0.018999862952670407,0.6588134765625,0.6588134765625,0.6588134765625,0.6588134765625,0.6588134765625,0,1,1,1,0,0,3
2022-06-28,263.980011,266.9100037,256.3200073,256.480011,255.217514,27295500,MSFT,0.0,-0.03174903973900112,0.019114793354655026,0.0203884942136878,0.0,0.0,0.0,0.0,0.0,0,0,1,1,1,0,3
2022-06-29,257.5899963,261.9700012,255.7599945,260.2600098,258.9788818,20069800,MSFT,0.0,0.014737985955560529,0.02633025124854876,0.011663983527081135,0.0,0.0,0.0,0.0,0.0,1,0,0,1,1,1,3
2022-06-30,257.0499878,259.5299988,252.8999939,256.8299866,255.5657501,31730900,MSFT,0.0,-0.013179217209112637,0.026657879581095216,0.011002675287332264,0.0,0.0,0.0,0.0,0.0,1,1,0,0,1,1,3
2022-07-01,256.3900146,259.769989,254.6100006,259.5799866,258.3022461,22837700,MSFT,0.0,0.010707472427209153,0.025820287709604418,0.006454115773430006,0.0,0.0,0.0,0.0,0.0,0,1,1,0,0,1,3
2022-07-05,256.1600037,262.980011,254.7400055,262.8500061,261.5561523,22941000,MSFT,0.6583784818649292,0.012597348288791332,0.018999862952670424,0.010759374979422713,0.6583784818649292,0.6583784818649292,0.6583784818649292,0.6583784818649292,0.6583784818649292,0,0,1,1,0,0,2
2022-07-06,263.75,267.9899902,262.3999939,266.2099915,264.8995972,23824400,MSFT,0.0,0.012782900216946391,0.020388494213687814,0.021322790069983007,0.0,0.0,0.0,0.0,0.0,1,0,0,1,1,0,2
2022-07-07,265.1199951,269.0599976,265.019989,268.3999939,267.0787964,20859900,MSFT,0.0,0.008226597310116546,0.011663983527081163,0.01861829727621134,0.0,0.0,0.0,0.0,0.0,0,1,0,0,1,1,3
2022-07-08,264.7900085,268.1000061,263.2900085,267.6600037,266.3424683,19658800,MSFT,0.0,-0.0027570425365797124,0.011002675287332292,0.017945459462749336,0.0,0.0,0.0,0.0,0.0,0,0,1,0,0,1,2
2022-07-11,265.6499939,266.5299988,262.1799927,264.5100098,263.2079773,19455200,MSFT,0.0,-0.011768638782246321,0.006454115773430054,0.020231485210395334,0.0,0.0,0.0,0.0,0.0,1,0,0,1,0,0,1
2022-07-12,265.8800049,265.9400024,252.0399933,253.6699982,252.4213257,35868500,MSFT,0.0,-0.040981479711094004,0.010759374979422743,0.020157984008900814,0.0,0.0,0.0,0.0,0.0,0,1,0,0,1,0,2
2022-07-13,250.1900024,253.5500031,248.1100006,252.7200012,251.4760132,29497400,MSFT,0.5631774663925171,-0.003745011261643172,0.021322790069983024,0.011909987053958973,0.5631774663925171,0.5631774663925171,0.5631774663925171,0.5631774663925171,0.5631774663925171,0,0,1,0,0,1,2
2022-07-14,250.5700073,255.1399994,245.9400024,254.0800018,252.8293304,25102800,MSFT,0.6788603365421295,0.005381452174510359,0.01861829727621136,0.01108315058619349,0.6788603365421295,0.6788603365421295,0.6788603365421295,0.6788603365421295,0.6788603365421295,0,0,0,1,0,0,1
2022-07-15,255.7200012,260.3699951,254.7700043,256.7200012,255.4563293,29774100,MSFT,0.568140983581543,0.010390425776516388,0.017945459462749357,0.011048570247087363,0.568140983581543,0.568140983581543,0.568140983581543,0.568140983581543,0.568140983581543,0,0,0,0,1,0,1
2022-07-18,259.75,260.8399963,253.3000031,254.25,252.9984741,20975000,MSFT,0.2530713379383087,-0.009621382005509327,0.020231485210395347,0.015611830823086056,0.2530713379383087,0.2530713379383087,0.2530713379383087,0.2530713379383087,0.2530713379383087,1,0,0,0,0,1,1
2022-07-19,257.5799866,259.7200012,253.6799927,259.5299988,258.2525024,25012600,MSFT,0.2512921988964081,0.020766956932153358,0.02015798400890083,0.014935063307763874,0.2512921988964081,0.2512921988964081,0.2512921988964081,0.2512921988964081,0.2512921988964081,0,1,0,0,0,0,1
2022-07-20,259.8999939,264.8699951,258.9100037,262.269989,260.9790039,22788300,MSFT,0.5545464754104614,0.01055750862200533,0.011909987053959,0.01638888126393663,0.5545464754104614,0.5545464754104614,0.5545464754104614,0.5545464754104614,0.5545464754104614,0,0,1,0,0,0,1
2022-07-21,259.7900085,264.8900146,257.0299988,264.8399963,263.5363464,22404700,MSFT,0.0,0.009799090280207423,0.011083150586193519,0.036932481872862716,0.0,0.0,0.0,0.0,0.0,0,0,0,1,0,0,1
2022-07-22,265.2399902,265.3299866,259.0700073,260.3599854,259.0783691,21881300,MSFT,0.0,-0.016915915128337344,0.011048570247087393,0.03840992462117683,0.0,0.0,0.0,0.0,0.0,0,0,0,0,1,0,1
2022-07-25,261.0,261.5,256.8099976,258.8299866,257.5559387,21056000,MSFT,0.0,-0.005876474442297441,0.015611830823086077,0.03553523109255181,0.0,0.0,0.0,0.0,0.0,1,0,0,0,0,1,1
2022-07-26,259.8599854,259.8800049,249.5700073,251.8999939,250.6600342,39348000,MSFT,0.0,-0.02677430382403767,0.014935063307763896,0.036155060026400725,0.0,0.0,0.0,0.0,0.0,0,1,0,0,0,0,1
2022-07-27,261.1600037,270.0499878,258.8500061,268.7399902,267.4171448,45994000,MSFT,0.0,0.06685191229772403,0.01638888126393665,0.03217311223809365,0.0,0.0,0.0,0.0,0.0,1,0,1,0,0,0,1
2022-07-28,269.75,277.8399963,267.8699951,276.4100037,275.0493774,33459300,MSFT,0.0,0.028540648134621982,0.03693248187286272,0.019647129426603103,0.0,0.0,0.0,0.0,0.0,1,1,0,1,0,0,2
2022-07-29,277.7000122,282.0,276.6300049,280.7399902,279.3580933,32152800,MSFT,0.0,0.01566508607517525,0.03840992462117684,0.016760758186699528,0.0,0.0,0.0,0.0,0.0,0,1,1,0,1,0,3
2022-08-01,277.8200073,281.2799988,275.8399963,278.0100098,276.64151,21539600,MSFT,0.0,-0.009724230588079696,0.03553523109255182,0.015904989626623144,0.0,0.0,0.0,0.0,0.0,0,0,1,1,0,1,3
2022-08-02,276.0,277.8900146,272.3800049,274.8200073,273.4672546,22754200,MSFT,0.0,-0.011474415983420472,0.03615506002640073,0.015804994278626368,0.0,0.0,0.0,0.0,0.0,0,0,0,1,1,0,2
2022-08-03,276.7600098,283.5,276.6099854,282.4700012,281.0795898,23518900,MSFT,0.5419407784938812,0.027836379072827544,0.03217311223809367,0.013996582140263997,0.5419407784938812,0.5419407784938812,0.5419407784938812,0.5419407784938812,0.5419407784938812,0,0,0,0,1,1,2
2022-08-04,281.7999878,283.7999878,280.1700134,283.6499939,282.2537537,18098700,MSFT,0.26160192489624023,0.0041774089106352275,0.019647129426603124,0.012603528921877952,0.26160192489624023,0.26160192489624023,0.26160192489624023,0.26160192489624023,0.26160192489624023,1,0,0,0,0,1,1
2022-08-05,279.1499939,283.6499939,278.6799927,282.9100037,281.517395,16774600,MSFT,0.0,-0.0026088144400274738,0.01676075818669955,0.013747964495845675,0.0,0.0,0.0,0.0,0.0,1,1,0,0,0,0,1
2022-08-08,284.0499878,285.9200134,279.3200073,280.3200073,278.940155,18739200,MSFT,0.609554648399353,-0.009154842056226742,0.015904989626623168,0.014717558828551518,0.609554648399353,0.609554648399353,0.609554648399353,0.609554648399353,0.609554648399353,0,1,1,0,0,0,2
2022-08-09,279.6400146,283.0799866,277.6099854,282.2999878,280.9104004,23405200,MSFT,0.0,0.007063286417087644,0.015804994278626392,0.01208761084830014,0.0,0.0,0.0,0.0,0.0,1,0,1,1,0,0,2
2022-08-10,288.1700134,289.8099976,286.9400024,289.1600037,287.7366333,24687800,MSFT,0.0,0.0243004470296333,0.013996582140264025,0.013243551726517602,0.0,0.0,0.0,0.0,0.0,0,1,0,1,1,0,3
2022-08-11,290.8500061,291.2099915,286.5100098,287.019989,285.6071472,20065900,MSFT,0.0,-0.007400797733493669,0.012603528921877981,0.009889053266433979,0.0,0.0,0.0,0.0,0.0,0,0,1,0,1,1,3
2022-08-12,288.480011,291.9100037,286.9400024,291.9100037,290.473114,22619700,MSFT,0.0,0.017037192137861812,0.013747964495845703,0.009206567979728854,0.0,0.0,0.0,0.0,0.0,0,0,0,1,0,1,2
2022-08-15,291.0,294.1799927,290.1099854,293.4700012,292.0254211,18085700,MSFT,0.0,0.005344104279493056,0.014717558828551544,0.006836623016864212,0.0,0.0,0.0,0.0,0.0,0,0,0,0,1,0,1
2022-08-16,291.9899902,294.0400085,290.4200134,292.7099915,291.269165,18102900,MSFT,0.0,-0.0025897355671528066,0.012087610848300172,0.011231175860303182,0.0,0.0,0.0,0.0,0.0,0,0,0,0,0,1,1
2022-08-17,289.7399902,293.3500061,289.4700012,291.3200073,290.5013428,18253400,MSFT,0.0,-0.0047486735689376,0.01324355172651763,0.01087235484659787,0.0,0.0,0.0,0.0,0.0,0,0,0,0,0,0,0
2022-08-18,290.1900024,291.9100037,289.0799866,290.1700134,289.3545532,17186200,MSFT,0.5050184726715088,-0.003947528048822702,0.009889053266434016,0.01128006126929643,0.5050184726715088,0.5050184726715088,0.5050184726715088,0.5050184726715088,0.5050184726715088,0,0,0,0,0,0,0
2022-08-19,288.8999939,289.25,285.5599976,286.1499939,285.3458557,20570000,MSFT,0.0,-0.01385401424804833,0.009206567979728894,0.014979185079836739,0.0,0.0,0.0,0.0,0.0,1,0,0,0,0,0,0
2022-08-22,282.0799866,282.4599915,277.2200012,277.75,276.9694519,25061100,MSFT,0.0,-0.029355212577553136,0.0068366230168642635,0.0205216716974663,0.0,0.0,0.0,0.0,0.0,0,1,0,0,0,0,1
2022-08-23,276.4400024,278.8599854,275.3999939,276.4400024,275.663147,17527400,MSFT,0.0,-0.004716463006300575,0.011231175860303214,0.018334027403336166,0.0,0.0,0.0,0.0,0.0,0,0,1,0,0,0,1
2022-08-24,275.4100037,277.230011,275.1099854,275.7900085,275.0149841,18137000,MSFT,0.0,-0.0023513018895851,0.010872354846597904,0.01818781238269314,0.0,0.0,0.0,0.0,0.0,0,0,0,1,0,0,1
2022-08-25,277.3299866,279.019989,274.519989,278.8500061,278.0663757,16583400,MSFT,0.5803184509277344,0.011095389628663632,0.011280061269296461,0.01790383013436484,0.5803184509277344,0.5803184509277344,0.5803184509277344,0.5803184509277344,0.5803184509277344,0,0,0,0,1,0,1
2022-08-26,279.0799866,280.3399963,267.980011,268.0899963,267.3366089,27549300,MSFT,0.0,-0.03858708827189794,0.014979185079836761,0.0142430151188081,0.0,0.0,0.0,0.0,0.0,0,0,0,0,0,1,1
2022-08-29,265.8500061,267.3999939,263.8500061,265.230011,264.4846497,20338500,MSFT,0.0,-0.010668004548739729,0.020521671697466312,0.004915617692462441,0.0,0.0,0.0,0.0,0.0,1,0,0,0,0,0,0
2022-08-30,266.6700134,267.0499878,260.6600037,262.9700012,262.2309875,22767100,MSFT,0.0,-0.008520942978809343,0.018334027403336183,0.004941382272062587,0.0,0.0,0.0,0.0,0.0,1,1,0,0,0,0,1
2022-08-31,265.3900146,267.1099854,261.3299866,261.4700012,260.735199,24791800,MSFT,0.521448016166687,-0.005704072681884331,0.018187812382693156,0.013652610761186797,0.521448016166687,0.521448016166687,0.521448016166687,0.521448016166687,0.521448016166687,1,1,1,0,0,0,2
2022-09-01,258.8699951,260.8900146,255.4100037,260.3999939,259.6682129,23263400,MSFT,0.0,-0.004092275576889293,0.017903830134364862,0.013774750733086831,0.0,0.0,0.0,0.0,0.0,0,1,1,1,0,0,3
2022-09-02,261.7000122,264.7399902,254.4700012,256.0599976,255.3404083,22855400,MSFT,0.0,-0.01666665284818214,0.014243015118808124,0.017622719564687736,0.0,0.0,0.0,0.0,0.0,0,0,1,1,1,0,3
2022-09-06,256.2000122,257.8299866,251.9400024,253.25,252.5382996,21328200,MSFT,0.0,-0.010973981201036986,0.004915617692462516,0.01367259861079465,0.0,0.0,0.0,0.0,0.0,0,0,0,1,1,1,3
2022-09-07,254.6999969,258.8299866,253.2200012,258.0899963,257.3647156,24126700,MSFT,0.0,0.019111535241855826,0.004941382272062661,0.03156514833045316,0.0,0.0,0.0,0.0,0.0,1,0,0,0,1,1,2
2022-09-08,257.5100098,260.4299927,254.7899933,258.519989,257.7934875,20319900,MSFT,0.0,0.0016660572132374263,0.013652610761186824,0.029721015167159047,0.0,0.0,0.0,0.0,0.0,1,1,0,0,0,1,2
2022-09-09,260.5,265.230011,260.2900085,264.4599915,263.7167969,22084700,MSFT,0.4777349531650543,0.02297695633895458,0.013774750733086857,0.031051908196710824,0.4777349531650543,0.4777349531650543,0.4777349531650543,0.4777349531650543,0.4777349531650543,1,1,1,0,0,0,2
2022-09-12,265.7799988,267.4500122,265.1600037,266.6499939,265.9006348,18747700,MSFT,0.0,0.0082810348271527,0.017622719564687757,0.02595126055853121,0.0,0.0,0.0,0.0,0.0,0,1,1,1,0,0,3
2022-09-13,258.8399963,260.3999939,251.5899963,251.9900055,251.2818604,33353300,MSFT,0.0,-0.05497839390725012,0.013672598610794678,0.024145244085046206,0.0,0.0,0.0,0.0,0.0,1,0,1,1,1,0,3
2022-09-14,253.5299988,254.2299957,249.8600006,252.2200012,251.5112,23913000,MSFT,0.0,0.000912717548236408,0.03156514833045317,0.011445847145667355,0.0,0.0,0.0,0.0,0.0,0,1,0,1,1,1,4
2022-09-15,249.7700043,251.3999939,244.0200043,245.3800049,244.6904297,31530900,MSFT,0.0,-0.027119166868039946,0.02972101516715906,0.010607513586830998,0.0,0.0,0.0,0.0,0.0,0,0,1,0,1,1,3
2022-09-16,244.2599945,245.3000031,242.0599976,244.7400055,244.0522308,39791800,MSFT,0.0,-0.0026081970299935975,0.031051908196710838,0.008597546502413173,0.0,0.0,0.0,0.0,0.0,1,0,0,1,0,1,2
2022-09-19,242.4700012,245.1399994,240.8500061,244.5200043,243.83284,26826900,MSFT,0.0,-0.0008989180152648713,0.02595126055853122,0.009453209778489131,0.0,0.0,0.0,0.0,0.0,0,1,0,0,1,0,2
2022-09-20,242.0700073,243.5099945,239.6399994,242.4499969,241.7686615,26660300,MSFT,0.0,-0.008465595303443263,0.02414524408504622,0.009330818428988459,0.0,0.0,0.0,0.0,0.0,0,0,1,0,0,1,2
2022-09-21,244.2700043,247.6600037,238.8999939,238.9499969,238.2784882,28625600,MSFT,0.0,-0.014435966363173791,0.01144584714566739,0.0092189975170774,0.0,0.0,0.0,0.0,0.0,1,0,0,1,0,0,1
2022-09-22,237.8699951,243.8600006,237.5700073,240.9799957,240.3027802,31061200,MSFT,0.0,0.008495496239112832,0.010607513586831036,0.012532842170699419,0.0,0.0,0.0,0.0,0.0,1,1,0,0,1,0,2
2022-09-23,239.5399933,241.1300049,235.1999969,237.9199982,237.2513885,34176000,MSFT,0.296043336391449,-0.012698139076280146,0.008597546502413218,0.013712491779484665,0.296043336391449,0.296043336391449,0.296043336391449,0.296043336391449,0.296043336391449,1,1,1,0,0,1,3
2022-09-26,237.0500031,241.4499969,236.8999939,237.4499969,236.7826996,27694200,MSFT,0.0,-0.0019754594130625414,0.009453209778489173,,0.0,0.0,0.0,0.0,0.0,0,1,1,1,0,0,3
2022-09-27,239.9799957,241.8000031,234.5,236.4100037,235.745636,27018700,MSFT,0.0,-0.004379840865771811,0.009330818428988502,,0.0,0.0,0.0,0.0,0.0,0,0,1,1,1,0,3
2022-09-28,236.8099976,242.3300018,234.7299957,241.0700073,240.3925476,29029700,MSFT,0.6209509968757629,0.01971153304457207,0.009218997517077445,,0.6209509968757629,0.6209509968757629,0.6209509968757629,0.6209509968757629,0.6209509968757629,1,0,0,1,1,1,3
2022-09-29,238.8899994,239.9499969,234.4100037,237.5,236.8325653,27484200,MSFT,0.0,-0.01480900647900707,0.012532842170699453,,0.0,0.0,0.0,0.0,0.0,1,1,0,0,1,1,3
