Date,Open,High,Low,Close,Adj Close,Volume,Stock Name
9/30/2021,143.6600037,144.3800049,141.2799988,141.5,140.4784851,89056700,AAPL
10/1/2021,141.8999939,142.9199982,139.1100006,142.6499939,141.620163,94639600,AAPL
10/4/2021,141.7599945,142.2100067,138.2700043,139.1399994,138.1355133,98322000,AAPL
10/5/2021,139.4900055,142.2400055,139.3600006,141.1100006,140.0912781,80861100,AAPL
10/6/2021,139.4700012,142.1499939,138.3699951,142,140.9748688,83221100,AAPL
10/7/2021,143.0599976,144.2200012,142.7200012,143.2899933,142.2555542,61732700,AAPL
10/8/2021,144.0299988,144.1799927,142.5599976,142.8999939,141.8683624,58773200,AAPL
10/11/2021,142.2700043,144.8099976,141.8099976,142.8099976,141.779007,64452200,AAPL
10/12/2021,143.2299957,143.25,141.0399933,141.5099945,140.4884033,73035900,AAPL
10/13/2021,141.2400055,141.3999939,139.1999969,140.9100037,139.892746,78762700,AAPL
10/14/2021,142.1100006,143.8800049,141.5099945,143.7599945,142.722168,69907100,AAPL
10/15/2021,143.7700043,144.8999939,143.5099945,144.8399963,143.7943573,67940300,AAPL
10/18/2021,143.4499969,146.8399963,143.1600037,146.5500031,145.4920197,85589200,AAPL
10/19/2021,147.0099945,149.1699982,146.5500031,148.7599945,147.6860809,76378900,AAPL
10/20/2021,148.6999969,149.75,148.1199951,149.2599945,148.1824646,58418800,AAPL
10/21/2021,148.8099976,149.6399994,147.8699951,149.4799957,148.4008789,61421000,AAPL
10/22/2021,149.6900024,150.1799927,148.6399994,148.6900024,147.6165771,58883400,AAPL
10/25/2021,148.6799927,149.3699951,147.6199951,148.6399994,147.5669403,50720600,AAPL
10/26/2021,149.3300018,150.8399963,149.0099945,149.3200073,148.2420197,60893400,AAPL
10/27/2021,149.3600006,149.7299957,148.4900055,148.8500061,147.7754211,56094900,AAPL
10/28/2021,149.8200073,153.1699982,149.7200012,152.5700073,151.4685669,100077900,AAPL
10/29/2021,147.2200012,149.9400024,146.4100037,149.8000031,148.7185669,124953200,AAPL
11/1/2021,148.9900055,149.6999969,147.8000031,148.9600067,147.8846436,74588300,AAPL
11/2/2021,148.6600037,151.5700073,148.6499939,150.0200043,148.9369812,69122000,AAPL
11/3/2021,150.3899994,151.9700012,149.8200073,151.4900055,150.3963623,54511500,AAPL
11/4/2021,151.5800018,152.4299927,150.6399994,150.9600067,149.8701935,60394600,AAPL
11/5/2021,151.8899994,152.1999969,150.0599976,151.2799988,150.407074,65463900,AAPL
11/8/2021,151.4100037,151.5700073,150.1600037,150.4400024,149.5719147,55020900,AAPL
11/9/2021,150.1999969,151.4299927,150.0599976,150.8099976,149.9397888,56787900,AAPL
11/10/2021,150.0200043,150.1300049,147.8500061,147.9199982,147.066452,65187100,AAPL
11/11/2021,148.9600067,149.4299927,147.6799927,147.8699951,147.0167542,41000000,AAPL
11/12/2021,148.4299927,150.3999939,147.4799957,149.9900055,149.124527,63804000,AAPL
11/15/2021,150.3699951,151.8800049,149.4299927,150,149.1344604,59222800,AAPL
11/16/2021,149.9400024,151.4900055,149.3399963,151,150.1286774,59256200,AAPL
11/17/2021,151,155,150.9900055,153.4900055,152.6043091,88807000,AAPL
11/18/2021,153.7100067,158.6699982,153.0500031,157.8699951,156.9590454,137827700,AAPL
11/19/2021,157.6499939,161.0200043,156.5299988,160.5500031,159.6235657,117305600,AAPL
11/22/2021,161.6799927,165.6999969,161,161.0200043,160.0908661,117467900,AAPL
11/23/2021,161.1199951,161.8000031,159.0599976,161.4100037,160.4786224,96041900,AAPL
11/24/2021,160.75,162.1399994,159.6399994,161.9400024,161.0055695,69463600,AAPL
11/26/2021,159.5700073,160.4499969,156.3600006,156.8099976,155.9051666,76959800,AAPL
11/29/2021,159.3699951,161.1900024,158.7899933,160.2400055,159.3153687,88748200,AAPL
11/30/2021,159.9900055,165.5200043,159.9199982,165.3000031,164.3461761,174048100,AAPL
12/1/2021,167.4799957,170.3000031,164.5299988,164.7700043,163.8192444,152052500,AAPL
12/2/2021,158.7400055,164.1999969,157.8000031,163.7599945,162.8150635,136739200,AAPL
12/3/2021,164.0200043,164.9600067,159.7200012,161.8399963,160.9061127,118023100,AAPL
12/6/2021,164.2899933,167.8800049,164.2799988,165.3200073,164.3660583,107497000,AAPL
12/7/2021,169.0800018,171.5800018,168.3399963,171.1799927,170.1922302,120405400,AAPL
12/8/2021,172.1300049,175.9600067,170.6999969,175.0800018,174.0697479,116998900,AAPL
12/9/2021,174.9100037,176.75,173.9199982,174.5599976,173.5527344,108923700,AAPL
12/10/2021,175.2100067,179.6300049,174.6900024,179.4499969,178.414505,115402700,AAPL
12/13/2021,181.1199951,182.1300049,175.5299988,175.7400055,174.7259369,153237000,AAPL
12/14/2021,175.25,177.7400055,172.2100067,174.3300018,173.3240662,139380400,AAPL
12/15/2021,175.1100006,179.5,172.3099976,179.3000031,178.2653961,131063300,AAPL
12/16/2021,179.2799988,181.1399994,170.75,172.2599945,171.2659912,150185800,AAPL
12/17/2021,169.9299927,173.4700012,169.6900024,171.1399994,170.1524811,195432700,AAPL
12/20/2021,168.2799988,170.5800018,167.4600067,169.75,168.7704926,107499100,AAPL
12/21/2021,171.5599976,173.1999969,169.1199951,172.9900055,171.9917908,91185900,AAPL
12/22/2021,173.0399933,175.8600006,172.1499939,175.6399994,174.6264954,92135300,AAPL
12/23/2021,175.8500061,176.8500061,175.2700043,176.2799988,175.2628021,68356600,AAPL
12/27/2021,177.0899963,180.4199982,177.0700073,180.3300018,179.2894592,74919600,AAPL
12/28/2021,180.1600037,181.3300018,178.5299988,179.2899933,178.2554474,79144300,AAPL
12/29/2021,179.3300018,180.6300049,178.1399994,179.3800049,178.3449402,62348900,AAPL
12/30/2021,179.4700012,180.5700073,178.0899963,178.1999969,177.1717224,59773000,AAPL
12/31/2021,178.0899963,179.2299957,177.2599945,177.5700073,176.5453949,64062300,AAPL
1/3/2022,177.8300018,182.8800049,177.7100067,182.0099945,180.9597321,104487900,AAPL
1/4/2022,182.6300049,182.9400024,179.1199951,179.6999969,178.6630707,99310400,AAPL
1/5/2022,179.6100006,180.1699982,174.6399994,174.9199982,173.9106598,94537600,AAPL
1/6/2022,172.6999969,175.3000031,171.6399994,172,171.0075073,96904000,AAPL
1/7/2022,172.8899994,174.1399994,171.0299988,172.1699982,171.1765137,86709100,AAPL
1/10/2022,169.0800018,172.5,168.1699982,172.1900024,171.1964264,106765600,AAPL
1/11/2022,172.3200073,175.1799927,170.8200073,175.0800018,174.0697479,76138300,AAPL
1/12/2022,176.1199951,177.1799927,174.8200073,175.5299988,174.5171356,74805200,AAPL
1/13/2022,175.7799988,176.6199951,171.7899933,172.1900024,171.1964264,84505800,AAPL
1/14/2022,171.3399963,173.7799988,171.0899963,173.0700073,172.0713501,80440800,AAPL
1/18/2022,171.5099945,172.5399933,169.4100037,169.8000031,168.8202057,90956700,AAPL
1/19/2022,170,171.0800018,165.9400024,166.2299957,165.2707977,94815000,AAPL
1/20/2022,166.9799957,169.6799927,164.1799927,164.5099945,163.56073,91420500,AAPL
1/21/2022,164.4199982,166.3300018,162.3000031,162.4100037,161.4728699,122848900,AAPL
1/24/2022,160.0200043,162.3000031,154.6999969,161.6199951,160.6873779,162294600,AAPL
1/25/2022,158.9799957,162.7599945,157.0200043,159.7799988,158.858017,115798400,AAPL
1/26/2022,163.5,164.3899994,157.8200073,159.6900024,158.7685394,108275300,AAPL
1/27/2022,162.4499969,163.8399963,158.2799988,159.2200012,158.301239,121954600,AAPL
1/28/2022,165.7100067,170.3500061,162.8000031,170.3300018,169.3471375,179935700,AAPL
1/31/2022,170.1600037,175,169.5099945,174.7799988,173.7714539,115541600,AAPL
2/1/2022,174.0099945,174.8399963,172.3099976,174.6100006,173.6024628,86213900,AAPL
2/2/2022,174.75,175.8800049,173.3300018,175.8399963,174.8253326,84914300,AAPL
2/3/2022,174.4799957,176.2400055,172.1199951,172.8999939,171.9023132,89418100,AAPL
2/4/2022,171.6799927,174.1000061,170.6799927,172.3899994,171.6136322,82465400,AAPL
2/7/2022,172.8600006,173.9499969,170.9499969,171.6600037,170.8869171,77251200,AAPL
2/8/2022,171.7299957,175.3500061,171.4299927,174.8300018,174.0426331,74829200,AAPL
2/9/2022,176.0500031,176.6499939,174.8999939,176.2799988,175.4860992,71285000,AAPL
2/10/2022,174.1399994,175.4799957,171.5500031,172.1199951,171.3448334,90865900,AAPL
2/11/2022,172.3300018,173.0800018,168.0399933,168.6399994,167.8805084,98670700,AAPL
2/14/2022,167.3699951,169.5800018,166.5599976,168.8800049,168.1194305,86185500,AAPL
2/15/2022,170.9700012,172.9499969,170.25,172.7899933,172.0118256,62527400,AAPL
2/16/2022,171.8500061,173.3399963,170.0500031,172.5500031,171.7729187,61177400,AAPL
2/17/2022,171.0299988,171.9100037,168.4700012,168.8800049,168.1194305,69589300,AAPL
2/18/2022,169.8200073,170.5399933,166.1900024,167.3000031,166.5465546,82772700,AAPL
2/22/2022,164.9799957,166.6900024,162.1499939,164.3200073,163.5799866,91162800,AAPL
2/23/2022,165.5399933,166.1499939,159.75,160.0700073,159.3491211,90009200,AAPL
2/24/2022,152.5800018,162.8500061,152,162.7400055,162.0070953,141147500,AAPL
2/25/2022,163.8399963,165.1199951,160.8699951,164.8500061,164.1075897,91974200,AAPL
2/28/2022,163.0599976,165.4199982,162.4299927,165.1199951,164.376358,95056600,AAPL
3/1/2022,164.6999969,166.6000061,161.9700012,163.1999969,162.4650116,83474400,AAPL
3/2/2022,164.3899994,167.3600006,162.9499969,166.5599976,165.8098907,79724800,AAPL
3/3/2022,168.4700012,168.9100037,165.5500031,166.2299957,165.481369,76678400,AAPL
3/4/2022,164.4900055,165.5500031,162.1000061,163.1699982,162.4351349,83737200,AAPL
3/7/2022,163.3600006,165.0200043,159.0399933,159.3000031,158.5825958,96418800,AAPL
3/8/2022,158.8200073,162.8800049,155.8000031,157.4400024,156.7309418,131148300,AAPL
3/9/2022,161.4799957,163.4100037,159.4100037,162.9499969,162.2161407,91454900,AAPL
3/10/2022,160.1999969,160.3899994,155.9799957,158.5200043,157.8061066,105342000,AAPL
3/11/2022,158.9299927,159.2799988,154.5,154.7299957,154.0331573,96970100,AAPL
3/14/2022,151.4499969,154.1199951,150.1000061,150.6199951,149.9416504,108732100,AAPL
3/15/2022,150.8999939,155.5700073,150.3800049,155.0899963,154.3915253,92964300,AAPL
3/16/2022,157.0500031,160,154.4600067,159.5899963,158.8712769,102300200,AAPL
3/17/2022,158.6100006,161,157.6300049,160.6199951,159.896637,75615400,AAPL
3/18/2022,160.5099945,164.4799957,159.7599945,163.9799957,163.2415161,123511700,AAPL
3/21/2022,163.5099945,166.3500061,163.0099945,165.3800049,164.6352081,95811400,AAPL
3/22/2022,165.5099945,169.4199982,164.9100037,168.8200073,168.0597076,81532000,AAPL
3/23/2022,167.9900055,172.6399994,167.6499939,170.2100067,169.4434509,98062700,AAPL
3/24/2022,171.0599976,174.1399994,170.2100067,174.0700073,173.2860565,90131400,AAPL
3/25/2022,173.8800049,175.2799988,172.75,174.7200012,173.933136,80546200,AAPL
3/28/2022,172.1699982,175.7299957,172,175.6000061,174.8091736,90371900,AAPL
3/29/2022,176.6900024,179.0099945,176.3399963,178.9600067,178.1540375,100589400,AAPL
3/30/2022,178.5500031,179.6100006,176.6999969,177.7700043,176.9694061,92633200,AAPL
3/31/2022,177.8399963,178.0299988,174.3999939,174.6100006,173.8236237,103049300,AAPL
4/1/2022,174.0299988,174.8800049,171.9400024,174.3099976,173.5249786,78751300,AAPL
4/4/2022,174.5700073,178.4900055,174.4400024,178.4400024,177.6363678,76468400,AAPL
4/5/2022,177.5,178.3000031,174.4199982,175.0599976,174.2716064,73401800,AAPL
4/6/2022,172.3600006,173.6300049,170.1300049,171.8300018,171.0561523,89058800,AAPL
4/7/2022,171.1600037,173.3600006,169.8500061,172.1399994,171.3647461,77594700,AAPL
4/8/2022,171.7799988,171.7799988,169.1999969,170.0899963,169.3239746,76575500,AAPL
4/11/2022,168.7100067,169.0299988,165.5,165.75,165.0035248,72246700,AAPL
4/12/2022,168.0200043,169.8699951,166.6399994,167.6600037,166.9049377,79265200,AAPL
4/13/2022,167.3899994,171.0399933,166.7700043,170.3999939,169.6325836,70618900,AAPL
4/14/2022,170.6199951,171.2700043,165.0399933,165.2899933,164.5456085,75329400,AAPL
4/18/2022,163.9199982,166.6000061,163.5700073,165.0700073,164.3265991,69023900,AAPL
4/19/2022,165.0200043,167.8200073,163.9100037,167.3999939,166.6461029,67723800,AAPL
4/20/2022,168.7599945,168.8800049,166.1000061,167.2299957,166.4768524,67929800,AAPL
4/21/2022,168.9100037,171.5299988,165.9100037,166.4199982,165.670517,87227800,AAPL
4/22/2022,166.4600067,167.8699951,161.5,161.7899933,161.0613556,84882400,AAPL
4/25/2022,161.1199951,163.1699982,158.4600067,162.8800049,162.1464539,96046400,AAPL
4/26/2022,162.25,162.3399963,156.7200012,156.8000031,156.0938416,95623200,AAPL
4/27/2022,155.9100037,159.7899933,155.3800049,156.5700073,155.8648834,88063200,AAPL
4/28/2022,159.25,164.5200043,158.9299927,163.6399994,162.9030304,130216800,AAPL
4/29/2022,161.8399963,166.1999969,157.25,157.6499939,156.9400024,131747600,AAPL
5/2/2022,156.7100067,158.2299957,153.2700043,157.9600067,157.2486115,123055300,AAPL
5/3/2022,158.1499939,160.7100067,156.3200073,159.4799957,158.7617645,88966500,AAPL
5/4/2022,159.6699982,166.4799957,159.2599945,166.0200043,165.2723083,108256500,AAPL
5/5/2022,163.8500061,164.0800018,154.9499969,156.7700043,156.0639801,130525300,AAPL
5/6/2022,156.0099945,159.4400024,154.1799927,157.2799988,156.8017273,116124600,AAPL
5/9/2022,154.9299927,155.8300018,151.4900055,152.0599976,151.5975952,131577900,AAPL
5/10/2022,155.5200043,156.7400055,152.9299927,154.5099945,154.0401306,115366700,AAPL
5/11/2022,153.5,155.4499969,145.8099976,146.5,146.0545044,142689800,AAPL
5/12/2022,142.7700043,146.1999969,138.8000031,142.5599976,142.1264801,182602000,AAPL
5/13/2022,144.5899963,148.1000061,143.1100006,147.1100006,146.6626434,113990900,AAPL
5/16/2022,145.5500031,147.5200043,144.1799927,145.5399933,145.0974121,86643800,AAPL
5/17/2022,148.8600006,149.7700043,146.6799927,149.2400055,148.7861786,78336300,AAPL
5/18/2022,146.8500061,147.3600006,139.8999939,140.8200073,140.3917847,109742900,AAPL
5/19/2022,139.8800049,141.6600037,136.6000061,137.3500061,136.9323425,136095600,AAPL
5/20/2022,139.0899963,140.6999969,132.6100006,137.5899963,137.1716003,137426100,AAPL
5/23/2022,137.7899933,143.2599945,137.6499939,143.1100006,142.6748199,117726300,AAPL
5/24/2022,140.8099976,141.9700012,137.3300018,140.3600006,139.9331818,104132700,AAPL
5/25/2022,138.4299927,141.7899933,138.3399963,140.5200043,140.0926971,92482700,AAPL
5/26/2022,137.3899994,144.3399963,137.1399994,143.7799988,143.3427734,90601500,AAPL
5/27/2022,145.3899994,149.6799927,145.2599945,149.6399994,149.1849518,90978500,AAPL
5/31/2022,149.0700073,150.6600037,146.8399963,148.8399963,148.3873901,103718400,AAPL
6/1/2022,149.8999939,151.7400055,147.6799927,148.7100067,148.2577972,74286600,AAPL
6/2/2022,147.8300018,151.2700043,146.8600006,151.2100067,150.7501831,72348100,AAPL
6/3/2022,146.8999939,147.9700012,144.4600067,145.3800049,144.937912,88570300,AAPL
6/6/2022,147.0299988,148.5700073,144.8999939,146.1399994,145.6956024,71598400,AAPL
6/7/2022,144.3500061,149,144.1000061,148.7100067,148.2577972,67808200,AAPL
6/8/2022,148.5800018,149.8699951,147.4600067,147.9600067,147.5100708,53950200,AAPL
6/9/2022,147.0800018,147.9499969,142.5299988,142.6399994,142.2062531,69473000,AAPL
6/10/2022,140.2799988,140.7599945,137.0599976,137.1300049,136.7130127,91437900,AAPL
6/13/2022,132.8699951,135.1999969,131.4400024,131.8800049,131.4789581,122207100,AAPL
6/14/2022,133.1300049,133.8899994,131.4799957,132.7599945,132.3562775,84784300,AAPL
6/15/2022,134.2899933,137.3399963,132.1600037,135.4299927,135.018158,91533000,AAPL
6/16/2022,132.0800018,132.3899994,129.0399933,130.0599976,129.6644897,108123900,AAPL
6/17/2022,130.0700073,133.0800018,129.8099976,131.5599976,131.1599274,134520300,AAPL
6/21/2022,133.4199982,137.0599976,133.3200073,135.8699951,135.4568176,81000500,AAPL
6/22/2022,134.7899933,137.7599945,133.9100037,135.3500061,134.9384155,73409200,AAPL
6/23/2022,136.8200073,138.5899963,135.6300049,138.2700043,137.8495331,72433800,AAPL
6/24/2022,139.8999939,141.9100037,139.7700043,141.6600037,141.2292328,89116800,AAPL
6/27/2022,142.6999969,143.4900055,140.9700012,141.6600037,141.2292328,70207900,AAPL
6/28/2022,142.1300049,143.4199982,137.3200073,137.4400024,137.0220642,67083400,AAPL
6/29/2022,137.4600067,140.6699982,136.6699982,139.2299957,138.8066101,66242400,AAPL
6/30/2022,137.25,138.3699951,133.7700043,136.7200012,136.304245,98964500,AAPL
7/1/2022,136.0399933,139.0399933,135.6600037,138.9299927,138.5075073,71051600,AAPL
7/5/2022,137.7700043,141.6100006,136.9299927,141.5599976,141.1295319,73353800,AAPL
7/6/2022,141.3500061,144.1199951,141.0800018,142.9199982,142.4853821,74064300,AAPL
7/7/2022,143.2899933,146.5500031,143.2799988,146.3500061,145.9049683,66253700,AAPL
7/8/2022,145.2599945,147.5500031,145,147.0399933,146.5928497,64547800,AAPL
7/11/2022,145.6699982,146.6399994,143.7799988,144.8699951,144.4294586,63141600,AAPL
7/12/2022,145.7599945,148.4499969,145.0500031,145.8600006,145.4164429,77588800,AAPL
7/13/2022,142.9900055,146.4499969,142.1199951,145.4900055,145.0475769,71185600,AAPL
7/14/2022,144.0800018,148.9499969,143.25,148.4700012,148.0185242,78140700,AAPL
7/15/2022,149.7799988,150.8600006,148.1999969,150.1699982,149.7133331,76259900,AAPL
7/18/2022,150.7400055,151.5700073,146.6999969,147.0700073,146.6227875,81420900,AAPL
7/19/2022,147.9199982,151.2299957,146.9100037,151,150.5408173,82982400,AAPL
7/20/2022,151.1199951,153.7200012,150.3699951,153.0399933,152.5746155,64823400,AAPL
7/21/2022,154.5,155.5700073,151.9400024,155.3500061,154.877594,65086600,AAPL
7/22/2022,155.3899994,156.2799988,153.4100037,154.0899963,153.6214142,66675400,AAPL
7/25/2022,154.0099945,155.0399933,152.2799988,152.9499969,152.4848938,53623900,AAPL
7/26/2022,152.2599945,153.0899963,150.8000031,151.6000061,151.1389923,55138700,AAPL
7/27/2022,152.5800018,157.3300018,152.1600037,156.7899933,156.3132019,78620700,AAPL
7/28/2022,156.9799957,157.6399994,154.4100037,157.3500061,156.871521,81378700,AAPL
7/29/2022,161.2400055,163.6300049,159.5,162.5099945,162.0158081,101786900,AAPL
8/1/2022,161.0099945,163.5899963,160.8899994,161.5099945,161.0188446,67829400,AAPL
8/2/2022,160.1000061,162.4100037,159.6300049,160.0099945,159.523407,59907000,AAPL
8/3/2022,160.8399963,166.5899963,160.75,166.1300049,165.6248169,82507500,AAPL
8/4/2022,166.0099945,167.1900024,164.4299927,165.8099976,165.3057861,55474100,AAPL
8/5/2022,163.2100067,165.8500061,163,165.3500061,165.0761719,56697000,AAPL
8/8/2022,166.3699951,167.8099976,164.1999969,164.8699951,164.5969543,60276900,AAPL
8/9/2022,164.0200043,165.8200073,163.25,164.9199982,164.6468658,63135500,AAPL
8/10/2022,167.6799927,169.3399963,166.8999939,169.2400055,168.9597321,70170500,AAPL
8/11/2022,170.0599976,170.9900055,168.1900024,168.4900055,168.210968,57149200,AAPL
8/12/2022,169.8200073,172.1699982,169.3999939,172.1000061,171.8149872,68039400,AAPL
8/15/2022,171.5200043,173.3899994,171.3500061,173.1900024,172.903183,54091700,AAPL
8/16/2022,172.7799988,173.7100067,171.6600037,173.0299988,172.7434387,56377100,AAPL
8/17/2022,172.7700043,176.1499939,172.5700073,174.5500031,174.2609253,79542000,AAPL
8/18/2022,173.75,174.8999939,173.1199951,174.1499939,173.8615875,62290100,AAPL
8/19/2022,173.0299988,173.7400055,171.3099976,171.5200043,171.2359467,70346300,AAPL
8/22/2022,169.6900024,169.8600006,167.1399994,167.5700073,167.2924957,69026800,AAPL
8/23/2022,167.0800018,168.7100067,166.6499939,167.2299957,166.9530487,54147100,AAPL
8/24/2022,167.3200073,168.1100006,166.25,167.5299988,167.2525482,53841500,AAPL
8/25/2022,168.7799988,170.1399994,168.3500061,170.0299988,169.7484131,51218200,AAPL
8/26/2022,170.5700073,171.0500031,163.5599976,163.6199951,163.3490143,78961000,AAPL
8/29/2022,161.1499939,162.8999939,159.8200073,161.3800049,161.1127472,73314000,AAPL
8/30/2022,162.1300049,162.5599976,157.7200012,158.9100037,158.6468353,77906200,AAPL
8/31/2022,160.3099976,160.5800018,157.1399994,157.2200012,156.9596252,87991100,AAPL
9/1/2022,156.6399994,158.4199982,154.6699982,157.9600067,157.69841,74229900,AAPL
9/2/2022,159.75,160.3600006,154.9700012,155.8099976,155.5519562,76957800,AAPL
9/6/2022,156.4700012,157.0899963,153.6900024,154.5299988,154.2740784,73714800,AAPL
9/7/2022,154.8200073,156.6699982,153.6100006,155.9600067,155.7017212,87449600,AAPL
9/8/2022,154.6399994,156.3600006,152.6799927,154.4600067,154.2042084,84923800,AAPL
9/9/2022,155.4700012,157.8200073,154.75,157.3699951,157.109375,68028800,AAPL
9/12/2022,159.5899963,164.2599945,159.3000031,163.4299927,163.1593323,104956000,AAPL
9/13/2022,159.8999939,160.5399933,153.3699951,153.8399963,153.5852203,122656600,AAPL
9/14/2022,154.7899933,157.1000061,153.6100006,155.3099976,155.0527802,87965400,AAPL
9/15/2022,154.6499939,155.2400055,151.3800049,152.3699951,152.1176453,90481100,AAPL
9/16/2022,151.2100067,151.3500061,148.3699951,150.6999969,150.4504242,162278800,AAPL
9/19/2022,149.3099976,154.5599976,149.1000061,154.4799957,154.2241516,81474200,AAPL
9/20/2022,153.3999939,158.0800018,153.0800018,156.8999939,156.640152,107689800,AAPL
9/21/2022,157.3399963,158.7400055,153.6000061,153.7200012,153.4654236,101696800,AAPL
9/22/2022,152.3800049,154.4700012,150.9100037,152.7400055,152.4870453,86652500,AAPL
9/23/2022,151.1900024,151.4700012,148.5599976,150.4299927,150.1808624,96029900,AAPL
9/26/2022,149.6600037,153.7700043,149.6399994,150.7700043,150.5203094,93339400,AAPL
9/27/2022,152.7400055,154.7200012,149.9499969,151.7599945,151.508667,84442700,AAPL
9/28/2022,147.6399994,150.6399994,144.8399963,149.8399963,149.5918427,146691400,AAPL
9/29/2022,146.1000061,146.7200012,140.6799927,142.4799957,142.2440338,128138200,AAPL
9/30/2021,285.7099915,287.8299866,281.6199951,281.9200134,278.7928467,32343600,MSFT
10/1/2021,282.1199951,289.980011,281.2900085,289.1000061,285.893219,30086300,MSFT
10/4/2021,287.3999939,287.75,280.25,283.1099854,279.969635,31350700,MSFT
10/5/2021,284.0499878,290.3999939,284.0499878,288.7600098,285.5569458,24993000,MSFT
10/6/2021,285.7799988,293.6300049,285.5100098,293.1099854,289.8586731,28002600,MSFT
10/7/2021,295.1799927,296.6400146,293.9200134,294.8500061,291.5794373,20430500,MSFT
10/8/2021,296.2200012,296.6400146,293.7600098,294.8500061,291.5794373,17685700,MSFT
10/11/2021,292.9200134,297.9700012,292.75,294.230011,290.9663391,19298600,MSFT
10/12/2021,295.3399963,295.4400024,292.3500061,292.8800049,289.6312561,17974100,MSFT
10/13/2021,294.9100037,297.2799988,293.4899902,296.3099976,293.0231934,23416300,MSFT
10/14/2021,299.2099915,303.269989,297.8299866,302.75,299.3917847,27262900,MSFT
10/15/2021,302.3399963,304.4500122,300.519989,304.2099915,300.8356018,25384800,MSFT
10/18/2021,303.5700073,308.2099915,302.6900024,307.2900085,303.8814392,22729300,MSFT
10/19/2021,308.3500061,309.2999878,307.2200012,308.230011,304.8110352,17682100,MSFT
10/20/2021,309.2099915,309.7000122,306.1099854,307.4100037,304.0000916,16537100,MSFT
10/21/2021,307.1700134,311.019989,306.3599854,310.7600098,307.3129272,16918100,MSFT
10/22/2021,310.3999939,311.0899963,307.7999878,309.1600037,305.7306519,17449300,MSFT
10/25/2021,309.3599854,309.3999939,306.4599915,308.1300049,304.7120972,17554500,MSFT
10/26/2021,311,312.3999939,308.6000061,310.1099854,306.6701355,28107300,MSFT
10/27/2021,316,326.1000061,316,323.1700134,319.5852966,52588700,MSFT
10/28/2021,324.3299866,324.8699951,321.3599854,324.3500061,320.7521973,26297900,MSFT
10/29/2021,324.1300049,332,323.8999939,331.6199951,327.9415283,34766000,MSFT
11/1/2021,331.3599854,331.4899902,326.3699951,329.3699951,325.7164917,27073200,MSFT
11/2/2021,330.3099976,333.4500122,330,333.1300049,329.4348145,26487100,MSFT
11/3/2021,333.8999939,334.8999939,330.6499939,334,330.2951355,21500100,MSFT
11/4/2021,332.8900146,336.5400085,329.5100098,336.4400024,332.7080688,23992200,MSFT
11/5/2021,338.5100098,338.7900085,334.4200134,336.0599976,332.3323059,22570100,MSFT
11/8/2021,337.2999878,337.6499939,334.4400024,336.9899902,333.2519531,20897000,MSFT
11/9/2021,337.1099854,338.7200012,334.5299988,335.9500122,332.2235107,21307400,MSFT
11/10/2021,334.5700073,334.6300049,329.9200134,330.7999878,327.1306152,25500900,MSFT
11/11/2021,331.25,333.769989,330.5100098,332.4299927,328.7425537,16849800,MSFT
11/12/2021,333.9200134,337.230011,333.7900085,336.7200012,332.9849854,23831000,MSFT
11/15/2021,337.5400085,337.8800049,334.0299988,336.0700073,332.3421936,16723000,MSFT
11/16/2021,335.6799927,340.6700134,335.5100098,339.5100098,335.7440491,20886800,MSFT
11/17/2021,338.9400024,342.1900024,338,339.1199951,335.9718933,19053400,MSFT
11/18/2021,338.1799927,342.4500122,337.1199951,341.269989,338.1019287,22463500,MSFT
11/19/2021,342.6400146,345.1000061,342.2000122,343.1099854,339.9248047,21963400,MSFT
11/22/2021,344.6199951,349.6700134,339.5499878,339.8299866,336.6753235,31031100,MSFT
11/23/2021,337.0499878,339.4500122,333.5599976,337.6799927,334.5452576,30427600,MSFT
11/24/2021,336.2799988,338.1600037,333.9100037,337.9100037,334.7731018,21661300,MSFT
11/26/2021,334.3500061,337.9299927,328.1199951,329.6799927,326.6195068,24217200,MSFT
11/29/2021,334.9400024,339.0299988,334.7399902,336.6300049,333.5050049,28563500,MSFT
11/30/2021,335.3200073,337.7799988,328.9899902,330.5899963,327.5210876,42885600,MSFT
12/1/2021,335.1300049,339.2799988,329.3900146,330.0799866,327.0158081,33337600,MSFT
12/2/2021,330.2999878,333.4899902,327.7999878,329.4899902,326.4312744,30766000,MSFT
12/3/2021,331.9899902,332.7000122,318.0299988,323.0100098,320.0114441,41779300,MSFT
12/6/2021,323.9500122,327.4500122,319.230011,326.1900024,323.1618958,30032600,MSFT
12/7/2021,331.6400146,335.7999878,330.1000061,334.9200134,331.8108826,31021900,MSFT
12/8/2021,335.3099976,335.5,330.7999878,334.9700012,331.8604126,24761000,MSFT
12/9/2021,334.4100037,336.4899902,332.1199951,333.1000061,330.007782,22214200,MSFT
12/10/2021,334.980011,343,334.7900085,342.5400085,339.360199,38095700,MSFT
12/13/2021,340.6799927,343.7900085,339.0799866,339.3999939,336.2492676,28899400,MSFT
12/14/2021,333.2200012,334.6400146,324.1099854,328.3399963,325.2919617,44438700,MSFT
12/15/2021,328.6099854,335.1900024,324.5,334.6499939,331.5433655,35381100,MSFT
12/16/2021,335.7099915,336.7600098,323.019989,324.8999939,321.8839111,35034800,MSFT
12/17/2021,320.8800049,324.9200134,317.25,323.7999878,320.7940979,47750300,MSFT
12/20/2021,320.0499878,322.7999878,317.5700073,319.9100037,316.9402161,28326500,MSFT
12/21/2021,323.2900085,327.730011,319.7999878,327.2900085,324.251709,24740600,MSFT
12/22/2021,328.2999878,333.6099854,325.75,333.2000122,330.1068726,24831500,MSFT
12/23/2021,332.75,336.3900146,332.730011,334.6900024,331.5830078,19617800,MSFT
12/27/2021,335.4599915,342.480011,335.4299927,342.4500122,339.2709961,19947000,MSFT
12/28/2021,343.1499939,343.8099976,340.3200073,341.25,338.0820923,15661500,MSFT
12/29/2021,341.2999878,344.2999878,339.6799927,341.9500122,338.7756348,15042000,MSFT
12/30/2021,341.9100037,343.1300049,338.8200073,339.3200073,336.1700439,15994500,MSFT
12/31/2021,338.5100098,339.3599854,335.8500061,336.3200073,333.197876,18000800,MSFT
1/3/2022,335.3500061,338,329.7799988,334.75,331.6424866,28865100,MSFT
1/4/2022,334.8299866,335.2000122,326.1199951,329.0100098,325.95578,32674300,MSFT
1/5/2022,325.8599854,326.0700073,315.980011,316.3800049,313.4430237,40054300,MSFT
1/6/2022,313.1499939,318.7000122,311.4899902,313.8800049,310.9661865,39646100,MSFT
1/7/2022,314.1499939,316.5,310.0899963,314.0400085,311.1247559,32720000,MSFT
1/10/2022,309.4899902,314.7200012,304.6900024,314.269989,311.3525391,44289500,MSFT
1/11/2022,313.3800049,316.6099854,309.8900146,314.980011,312.0559998,29386800,MSFT
1/12/2022,319.6700134,323.4100037,317.0799866,318.269989,315.3154297,34372200,MSFT
1/13/2022,320.4700012,320.8800049,304,304.7999878,301.9704895,45366000,MSFT
1/14/2022,304.25,310.8200073,303.75,310.2000122,307.320343,39846400,MSFT
1/18/2022,304.0700073,309.7999878,301.7399902,302.6499939,299.8404236,42333200,MSFT
1/19/2022,306.2900085,313.9100037,302.7000122,303.3299866,300.5141296,45933900,MSFT
1/20/2022,309.0700073,311.6499939,301.1400146,301.6000061,298.8002014,35380700,MSFT
1/21/2022,302.6900024,304.1099854,295.6099854,296.0299988,293.2819214,57984400,MSFT
1/24/2022,292.2000122,297.1099854,276.0499878,296.3699951,293.6187439,85731500,MSFT
1/25/2022,291.519989,294.9899902,285.1700134,288.4899902,285.8118896,72848600,MSFT
1/26/2022,307.9899902,308.5,293.0299988,296.7099915,293.9555664,90428900,MSFT
1/27/2022,302.6600037,307.2999878,297.9299927,299.8399963,297.0565186,53481300,MSFT
1/28/2022,300.230011,308.480011,294.4500122,308.2600098,305.398407,49743700,MSFT
1/31/2022,308.9500122,312.3800049,306.3699951,310.980011,308.0931396,46444500,MSFT
2/1/2022,310.4100037,310.6300049,305.1300049,308.7600098,305.8937378,40950400,MSFT
2/2/2022,309.6300049,315.1199951,308.8800049,313.4599915,310.5501099,36636000,MSFT
2/3/2022,309.4899902,311.230011,299.9599915,301.25,298.4534302,43730000,MSFT
2/4/2022,300.2099915,308.7999878,299.9700012,305.9400024,303.0999146,35096500,MSFT
2/7/2022,306.1700134,307.8399963,299.8999939,300.9500122,298.1562195,28533300,MSFT
2/8/2022,301.25,305.5599976,299.9500122,304.5599976,301.7327271,32421200,MSFT
2/9/2022,309.8699951,311.9299927,307.3900146,311.2099915,308.3209839,31284700,MSFT
2/10/2022,304.0400085,309.1199951,300.7000122,302.3800049,299.572937,45386200,MSFT
2/11/2022,303.1900024,304.2900085,294.2200012,295.0400085,292.3010864,39175600,MSFT
2/14/2022,293.769989,296.7600098,291.3500061,295,292.2614746,36359500,MSFT
2/15/2022,300.0100098,300.7999878,297.019989,300.4700012,297.6807251,27058300,MSFT
2/16/2022,298.3699951,300.8699951,293.6799927,299.5,297.333252,29982100,MSFT
2/17/2022,296.3599854,296.7999878,290,290.730011,288.626709,32461600,MSFT
2/18/2022,293.0499878,293.8599854,286.3099976,287.9299927,285.8469238,34264000,MSFT
2/22/2022,285,291.5400085,284.5,287.7200012,285.6384277,41736100,MSFT
2/23/2022,290.1799927,291.7000122,280.1000061,280.269989,278.2423706,37811200,MSFT
2/24/2022,272.5100098,295.1600037,271.519989,294.5899963,292.4587708,56989700,MSFT
2/25/2022,295.1400146,297.6300049,291.6499939,297.3099976,295.1590576,32546700,MSFT
2/28/2022,294.3099976,299.1400146,293,298.7900085,296.6283569,34627500,MSFT
3/1/2022,296.3999939,299.9700012,292.1499939,294.9500122,292.8161621,31217800,MSFT
3/2/2022,295.3599854,301.4700012,293.7000122,300.1900024,298.018219,31873000,MSFT
3/3/2022,302.8900146,303.1300049,294.0499878,295.9200134,293.7791443,27314500,MSFT
3/4/2022,294.2900085,295.6600037,287.1700134,289.8599854,287.76297,32356500,MSFT
3/7/2022,288.5299988,289.6900024,278.5299988,278.9100037,276.8922119,43157200,MSFT
3/8/2022,277.7999878,283.9599915,270,275.8500061,273.8543091,48159500,MSFT
3/9/2022,283.4400024,289.6000061,280.7799988,288.5,286.4127808,35204500,MSFT
3/10/2022,283.019989,286.6000061,280.5799866,285.5899963,283.5238342,30628000,MSFT
3/11/2022,287.9599915,289.5100098,279.4299927,280.0700073,278.0437927,27209300,MSFT
3/14/2022,280.3399963,285.3999939,275.8200073,276.4400024,274.4400635,30660700,MSFT
3/15/2022,280.3500061,287.8200073,278.730011,287.1499939,285.0725708,34245100,MSFT
3/16/2022,289.1099854,294.5700073,283.2000122,294.3900146,292.2601929,37826300,MSFT
3/17/2022,293.2900085,295.6099854,289.3699951,295.2200012,293.084198,30816600,MSFT
3/18/2022,295.3699951,301,292.730011,300.4299927,298.2564697,43390600,MSFT
3/21/2022,298.8900146,300.1400146,294.8999939,299.1600037,296.9956665,28351200,MSFT
3/22/2022,299.7999878,305,298.769989,304.0599976,301.8602295,27599700,MSFT
3/23/2022,300.5100098,303.230011,297.7200012,299.4899902,297.3233032,25715400,MSFT
3/24/2022,299.1400146,304.2000122,298.3200073,304.1000061,301.8999634,24484500,MSFT
3/25/2022,305.230011,305.5,299.2900085,303.6799927,301.4830017,22566500,MSFT
3/28/2022,304.3299866,310.7999878,304.3299866,310.7000122,308.4522095,29578200,MSFT
3/29/2022,313.9100037,315.8200073,309.0499878,315.4100037,313.1281433,30393400,MSFT
3/30/2022,313.7600098,315.9500122,311.5799866,313.8599854,311.589325,28163600,MSFT
3/31/2022,313.8999939,315.1400146,307.8900146,308.3099976,306.0794678,33422100,MSFT
4/1/2022,309.3699951,310.1300049,305.5400085,309.4200134,307.1814575,27110500,MSFT
4/4/2022,310.0899963,315.1099854,309.7099915,314.9700012,312.6912842,24289600,MSFT
4/5/2022,313.269989,314.8699951,309.8699951,310.8800049,308.6308899,23156700,MSFT
4/6/2022,305.1900024,307,296.7099915,299.5,297.333252,40110400,MSFT
4/7/2022,296.6600037,303.6499939,296.3500061,301.3699951,299.1896973,31411200,MSFT
4/8/2022,300.4400024,301.1199951,296.2799988,296.9700012,294.8215027,24361900,MSFT
4/11/2022,291.7900085,292.6099854,285,285.2600098,283.196228,34569300,MSFT
4/12/2022,289.2399902,290.7399902,280.4899902,282.0599976,280.0193787,30966700,MSFT
4/13/2022,282.730011,288.5799866,281.2999878,287.6199951,285.5391541,21907200,MSFT
4/14/2022,288.0899963,288.3099976,279.3200073,279.8299866,277.8055115,28221600,MSFT
4/18/2022,278.9100037,282.4599915,278.3399963,280.519989,278.4905396,20778000,MSFT
4/19/2022,279.3800049,286.1700134,278.4100037,285.2999878,283.2359314,22297700,MSFT
4/20/2022,289.3999939,289.7000122,285.3699951,286.3599854,284.288269,22906700,MSFT
4/21/2022,288.5799866,293.2999878,280.0599976,280.8099976,278.7784424,29454600,MSFT
4/22/2022,281.6799927,283.2000122,273.3800049,274.0299988,272.0474854,29405800,MSFT
4/25/2022,273.2900085,281.1099854,270.769989,280.7200012,278.6890564,35678900,MSFT
4/26/2022,277.5,278.3599854,270,270.2200012,268.2650452,46518400,MSFT
4/27/2022,282.1000061,290.9700012,279.1600037,283.2200012,281.1710205,63477700,MSFT
4/28/2022,285.1900024,290.980011,281.4599915,289.6300049,287.5346375,33646600,MSFT
4/29/2022,288.6099854,289.8800049,276.5,277.519989,275.512207,37073900,MSFT
5/2/2022,277.7099915,284.9400024,276.2200012,284.4700012,282.4119568,35151100,MSFT
5/3/2022,283.9599915,284.1300049,280.1499939,281.7799988,279.7414246,25978600,MSFT
5/4/2022,282.5899963,290.8800049,276.730011,289.980011,287.8821106,33599300,MSFT
5/5/2022,285.5400085,286.3500061,274.3399963,277.3500061,275.3434753,43260400,MSFT
5/6/2022,274.8099976,279.25,271.269989,274.730011,272.7424316,37780300,MSFT
5/9/2022,270.0599976,272.3599854,263.3200073,264.5799866,262.6658325,47726000,MSFT
5/10/2022,271.6900024,273.75,265.0700073,269.5,267.5502625,39336400,MSFT
5/11/2022,265.6799927,271.3599854,259.2999878,260.5499878,258.6650085,48975900,MSFT
5/12/2022,257.6900024,259.8800049,250.0200043,255.3500061,253.5026245,51033800,MSFT
5/13/2022,257.3500061,263.0400085,255.3500061,261.1199951,259.230896,34925100,MSFT
5/16/2022,259.9599915,265.8200073,255.7799988,261.5,259.6081543,32550900,MSFT
5/17/2022,266.1099854,268.3299866,262.4599915,266.8200073,264.889679,28828800,MSFT
5/18/2022,263,263.6000061,252.7700043,254.0800018,252.8293304,31356000,MSFT
5/19/2022,253.8999939,257.6700134,251.8800049,253.1399994,251.8939362,32692300,MSFT
5/20/2022,257.2399902,258.5400085,246.4400024,252.5599976,251.316803,39199300,MSFT
5/23/2022,255.4900055,261.5,253.4299927,260.6499939,259.3669739,33175400,MSFT
5/24/2022,257.8900146,261.3299866,253.5,259.6199951,258.342041,29043900,MSFT
5/25/2022,258.1400146,264.5799866,257.1300049,262.519989,261.2277527,28547900,MSFT
5/26/2022,262.269989,267.1099854,261.4299927,265.8999939,264.5911255,25002100,MSFT
5/27/2022,268.480011,273.3399963,267.5599976,273.2399902,271.894989,26910800,MSFT
5/31/2022,272.5299988,274.769989,268.9299927,271.8699951,270.5317688,37827700,MSFT
6/1/2022,275.2000122,277.6900024,270.0400085,272.4200134,271.0790405,25292200,MSFT
6/2/2022,264.4500122,274.6499939,261.6000061,274.5799866,273.2283936,44008200,MSFT
6/3/2022,270.3099976,273.4500122,268.4100037,270.019989,268.6908569,28059000,MSFT
6/6/2022,272.0599976,274.1799927,267.2200012,268.75,267.4270935,22400300,MSFT
6/7/2022,266.6400146,273.1300049,265.9400024,272.5,271.1586609,22860700,MSFT
6/8/2022,271.7099915,273,269.6099854,270.4100037,269.078949,17372300,MSFT
6/9/2022,267.7799988,272.7099915,264.6300049,264.7900085,263.4866028,26439700,MSFT
6/10/2022,260.5799866,260.5799866,252.5299988,252.9900055,251.7446899,31422800,MSFT
6/13/2022,245.1100006,249.0200043,241.5299988,242.2599945,241.0674896,46135800,MSFT
6/14/2022,243.8600006,245.7400055,241.5099945,244.4900055,243.2865295,28651500,MSFT
6/15/2022,248.3099976,255.3000031,246.4199982,251.7599945,250.5207367,33111700,MSFT
6/16/2022,245.9799957,247.4199982,243.0200043,244.9700012,243.7641602,33169200,MSFT
6/17/2022,244.6999969,250.5,244.0299988,247.6499939,246.430954,43084800,MSFT
6/21/2022,250.2599945,254.75,249.5099945,253.7400055,252.4909973,29928300,MSFT
6/22/2022,251.8899994,257.1700134,250.3699951,253.1300049,251.8839874,25939900,MSFT
6/23/2022,255.5700073,259.3699951,253.6300049,258.8599854,257.5857544,25861400,MSFT
6/24/2022,261.8099976,267.980011,261.7200012,267.7000122,266.3822937,33923200,MSFT
6/27/2022,268.2099915,268.2999878,263.2799988,264.8900146,263.5861206,24615100,MSFT
6/28/2022,263.980011,266.9100037,256.3200073,256.480011,255.217514,27295500,MSFT
6/29/2022,257.5899963,261.9700012,255.7599945,260.2600098,258.9788818,20069800,MSFT
6/30/2022,257.0499878,259.5299988,252.8999939,256.8299866,255.5657501,31730900,MSFT
7/1/2022,256.3900146,259.769989,254.6100006,259.5799866,258.3022461,22837700,MSFT
7/5/2022,256.1600037,262.980011,254.7400055,262.8500061,261.5561523,22941000,MSFT
7/6/2022,263.75,267.9899902,262.3999939,266.2099915,264.8995972,23824400,MSFT
7/7/2022,265.1199951,269.0599976,265.019989,268.3999939,267.0787964,20859900,MSFT
7/8/2022,264.7900085,268.1000061,263.2900085,267.6600037,266.3424683,19658800,MSFT
7/11/2022,265.6499939,266.5299988,262.1799927,264.5100098,263.2079773,19455200,MSFT
7/12/2022,265.8800049,265.9400024,252.0399933,253.6699982,252.4213257,35868500,MSFT
7/13/2022,250.1900024,253.5500031,248.1100006,252.7200012,251.4760132,29497400,MSFT
7/14/2022,250.5700073,255.1399994,245.9400024,254.0800018,252.8293304,25102800,MSFT
7/15/2022,255.7200012,260.3699951,254.7700043,256.7200012,255.4563293,29774100,MSFT
7/18/2022,259.75,260.8399963,253.3000031,254.25,252.9984741,20975000,MSFT
7/19/2022,257.5799866,259.7200012,253.6799927,259.5299988,258.2525024,25012600,MSFT
7/20/2022,259.8999939,264.8699951,258.9100037,262.269989,260.9790039,22788300,MSFT
7/21/2022,259.7900085,264.8900146,257.0299988,264.8399963,263.5363464,22404700,MSFT
7/22/2022,265.2399902,265.3299866,259.0700073,260.3599854,259.0783691,21881300,MSFT
7/25/2022,261,261.5,256.8099976,258.8299866,257.5559387,21056000,MSFT
7/26/2022,259.8599854,259.8800049,249.5700073,251.8999939,250.6600342,39348000,MSFT
7/27/2022,261.1600037,270.0499878,258.8500061,268.7399902,267.4171448,45994000,MSFT
7/28/2022,269.75,277.8399963,267.8699951,276.4100037,275.0493774,33459300,MSFT
7/29/2022,277.7000122,282,276.6300049,280.7399902,279.3580933,32152800,MSFT
8/1/2022,277.8200073,281.2799988,275.8399963,278.0100098,276.64151,21539600,MSFT
8/2/2022,276,277.8900146,272.3800049,274.8200073,273.4672546,22754200,MSFT
8/3/2022,276.7600098,283.5,276.6099854,282.4700012,281.0795898,23518900,MSFT
8/4/2022,281.7999878,283.7999878,280.1700134,283.6499939,282.2537537,18098700,MSFT
8/5/2022,279.1499939,283.6499939,278.6799927,282.9100037,281.517395,16774600,MSFT
8/8/2022,284.0499878,285.9200134,279.3200073,280.3200073,278.940155,18739200,MSFT
8/9/2022,279.6400146,283.0799866,277.6099854,282.2999878,280.9104004,23405200,MSFT
8/10/2022,288.1700134,289.8099976,286.9400024,289.1600037,287.7366333,24687800,MSFT
8/11/2022,290.8500061,291.2099915,286.5100098,287.019989,285.6071472,20065900,MSFT
8/12/2022,288.480011,291.9100037,286.9400024,291.9100037,290.473114,22619700,MSFT
8/15/2022,291,294.1799927,290.1099854,293.4700012,292.0254211,18085700,MSFT
8/16/2022,291.9899902,294.0400085,290.4200134,292.7099915,291.269165,18102900,MSFT
8/17/2022,289.7399902,293.3500061,289.4700012,291.3200073,290.5013428,18253400,MSFT
8/18/2022,290.1900024,291.9100037,289.0799866,290.1700134,289.3545532,17186200,MSFT
8/19/2022,288.8999939,289.25,285.5599976,286.1499939,285.3458557,20570000,MSFT
8/22/2022,282.0799866,282.4599915,277.2200012,277.75,276.9694519,25061100,MSFT
8/23/2022,276.4400024,278.8599854,275.3999939,276.4400024,275.663147,17527400,MSFT
8/24/2022,275.4100037,277.230011,275.1099854,275.7900085,275.0149841,18137000,MSFT
8/25/2022,277.3299866,279.019989,274.519989,278.8500061,278.0663757,16583400,MSFT
8/26/2022,279.0799866,280.3399963,267.980011,268.0899963,267.3366089,27549300,MSFT
8/29/2022,265.8500061,267.3999939,263.8500061,265.230011,264.4846497,20338500,MSFT
8/30/2022,266.6700134,267.0499878,260.6600037,262.9700012,262.2309875,22767100,MSFT
8/31/2022,265.3900146,267.1099854,261.3299866,261.4700012,260.735199,24791800,MSFT
9/1/2022,258.8699951,260.8900146,255.4100037,260.3999939,259.6682129,23263400,MSFT
9/2/2022,261.7000122,264.7399902,254.4700012,256.0599976,255.3404083,22855400,MSFT
9/6/2022,256.2000122,257.8299866,251.9400024,253.25,252.5382996,21328200,MSFT
9/7/2022,254.6999969,258.8299866,253.2200012,258.0899963,257.3647156,24126700,MSFT
9/8/2022,257.5100098,260.4299927,254.7899933,258.519989,257.7934875,20319900,MSFT
9/9/2022,260.5,265.230011,260.2900085,264.4599915,263.7167969,22084700,MSFT
9/12/2022,265.7799988,267.4500122,265.1600037,266.6499939,265.9006348,18747700,MSFT
9/13/2022,258.8399963,260.3999939,251.5899963,251.9900055,251.2818604,33353300,MSFT
9/14/2022,253.5299988,254.2299957,249.8600006,252.2200012,251.5112,23913000,MSFT
9/15/2022,249.7700043,251.3999939,244.0200043,245.3800049,244.6904297,31530900,MSFT
9/16/2022,244.2599945,245.3000031,242.0599976,244.7400055,244.0522308,39791800,MSFT
9/19/2022,242.4700012,245.1399994,240.8500061,244.5200043,243.83284,26826900,MSFT
9/20/2022,242.0700073,243.5099945,239.6399994,242.4499969,241.7686615,26660300,MSFT
9/21/2022,244.2700043,247.6600037,238.8999939,238.9499969,238.2784882,28625600,MSFT
9/22/2022,237.8699951,243.8600006,237.5700073,240.9799957,240.3027802,31061200,MSFT
9/23/2022,239.5399933,241.1300049,235.1999969,237.9199982,237.2513885,34176000,MSFT
9/26/2022,237.0500031,241.4499969,236.8999939,237.4499969,236.7826996,27694200,MSFT
9/27/2022,239.9799957,241.8000031,234.5,236.4100037,235.745636,27018700,MSFT
9/28/2022,236.8099976,242.3300018,234.7299957,241.0700073,240.3925476,29029700,MSFT
9/29/2022,238.8899994,239.9499969,234.4100037,237.5,236.8325653,27484200,MSFT
,,,,,,,
,,,,,,,
,,,,,,,
,,,,,,,
,,,,,,,
,,,,,,,
,,,,,,,
,,,,,,,
,,,,,,,
,,,,,,,
,,,,,,,
,,,,,,,
,,,,,,,
,,,,,,,
,,,,,,,
,,,,,,,
,,,,,,,
,,,,,,,
,,,,,,,
,,,,,,,
,,,,,,,
,,,,,,,
,,,,,,,
,,,,,,,
,,,,,,,
,,,,,,,
,,,,,,,
,,,,,,,
,,,,,,,
,,,,,,,
,,,,,,,
,,,,,,,
,,,,,,,
,,,,,,,
,,,,,,,
,,,,,,,
,,,,,,,
,,,,,,,
,,,,,,,
,,,,,,,
,,,,,,,
,,,,,,,
,,,,,,,
,,,,,,,
,,,,,,,
,,,,,,,
,,,,,,,
,,,,,,,
,,,,,,,
,,,,,,,
,,,,,,,
,,,,,,,
,,,,,,,
,,,,,,,
,,,,,,,
,,,,,,,
,,,,,,,
,,,,,,,
,,,,,,,
,,,,,,,
,,,,,,,
,,,,,,,
,,,,,,,
,,,,,,,
,,,,,,,
,,,,,,,
,,,,,,,
,,,,,,,
,,,,,,,
,,,,,,,
,,,,,,,
,,,,,,,
,,,,,,,
,,,,,,,
,,,,,,,
,,,,,,,
,,,,,,,
,,,,,,,
,,,,,,,
,,,,,,,
,,,,,,,
,,,,,,,
,,,,,,,
,,,,,,,
,,,,,,,
,,,,,,,
,,,,,,,
,,,,,,,
,,,,,,,
,,,,,,,
,,,,,,,
,,,,,,,
,,,,,,,
,,,,,,,
,,,,,,,
,,,,,,,
,,,,,,,
,,,,,,,
,,,,,,,
,,,,,,,
,,,,,,,
,,,,,,,
,,,,,,,
,,,,,,,
,,,,,,,
,,,,,,,
,,,,,,,
,,,,,,,
,,,,,,,
,,,,,,,
,,,,,,,
,,,,,,,
,,,,,,,
,,,,,,,
,,,,,,,
,,,,,,,
,,,,,,,
,,,,,,,
,,,,,,,
,,,,,,,
,,,,,,,
,,,,,,,
,,,,,,,
,,,,,,,
,,,,,,,
,,,,,,,
,,,,,,,
,,,,,,,
,,,,,,,
,,,,,,,
,,,,,,,
,,,,,,,
,,,,,,,
,,,,,,,
,,,,,,,
,,,,,,,
,,,,,,,
,,,,,,,
,,,,,,,
,,,,,,,
,,,,,,,
,,,,,,,
,,,,,,,
,,,,,,,
,,,,,,,
,,,,,,,
,,,,,,,
,,,,,,,
,,,,,,,
,,,,,,,
,,,,,,,
,,,,,,,
,,,,,,,
,,,,,,,
,,,,,,,
,,,,,,,
,,,,,,,
,,,,,,,
,,,,,,,
,,,,,,,
,,,,,,,
,,,,,,,
,,,,,,,
,,,,,,,
,,,,,,,
,,,,,,,
,,,,,,,
,,,,,,,
,,,,,,,
,,,,,,,
,,,,,,,
,,,,,,,
,,,,,,,
,,,,,,,
,,,,,,,
,,,,,,,
,,,,,,,
,,,,,,,
,,,,,,,
,,,,,,,
,,,,,,,
,,,,,,,
,,,,,,,
,,,,,,,
,,,,,,,
,,,,,,,
,,,,,,,
,,,,,,,
,,,,,,,
,,,,,,,
,,,,,,,
,,,,,,,
,,,,,,,
,,,,,,,
,,,,,,,
,,,,,,,
,,,,,,,
,,,,,,,
,,,,,,,
,,,,,,,
,,,,,,,
,,,,,,,
,,,,,,,
,,,,,,,
,,,,,,,
,,,,,,,
,,,,,,,
,,,,,,,
,,,,,,,
,,,,,,,
,,,,,,,
,,,,,,,
,,,,,,,
,,,,,,,
,,,,,,,
,,,,,,,
,,,,,,,
,,,,,,,
,,,,,,,
,,,,,,,
,,,,,,,
,,,,,,,
,,,,,,,
,,,,,,,
,,,,,,,
,,,,,,,
,,,,,,,
,,,,,,,
,,,,,,,
,,,,,,,
,,,,,,,
,,,,,,,
,,,,,,,
,,,,,,,
,,,,,,,
,,,,,,,
,,,,,,,
,,,,,,,
,,,,,,,
,,,,,,,
,,,,,,,
,,,,,,,
,,,,,,,
,,,,,,,
,,,,,,,
,,,,,,,
,,,,,,,
,,,,,,,
,,,,,,,
,,,,,,,
,,,,,,,
,,,,,,,
,,,,,,,
,,,,,,,
,,,,,,,
,,,,,,,
,,,,,,,
,,,,,,,
,,,,,,,
,,,,,,,
,,,,,,,
,,,,,,,
,,,,,,,
,,,,,,,
,,,,,,,
,,,,,,,
,,,,,,,
,,,,,,,
,,,,,,,
,,,,,,,
,,,,,,,
,,,,,,,
,,,,,,,
,,,,,,,
,,,,,,,
,,,,,,,
,,,,,,,
,,,,,,,
,,,,,,,
,,,,,,,
,,,,,,,
,,,,,,,
,,,,,,,
,,,,,,,
,,,,,,,
,,,,,,,
,,,,,,,
,,,,,,,
,,,,,,,
,,,,,,,
,,,,,,,
,,,,,,,
,,,,,,,
,,,,,,,
,,,,,,,
,,,,,,,
,,,,,,,
,,,,,,,
,,,,,,,
,,,,,,,
,,,,,,,
,,,,,,,
,,,,,,,
,,,,,,,
,,,,,,,
,,,,,,,
,,,,,,,
,,,,,,,
,,,,,,,
,,,,,,,
,,,,,,,
,,,,,,,
,,,,,,,
,,,,,,,
,,,,,,,
,,,,,,,
,,,,,,,
,,,,,,,
,,,,,,,
,,,,,,,
,,,,,,,
,,,,,,,
,,,,,,,
,,,,,,,
,,,,,,,
,,,,,,,
,,,,,,,
,,,,,,,
,,,,,,,
,,,,,,,
,,,,,,,
,,,,,,,
,,,,,,,
,,,,,,,
,,,,,,,
,,,,,,,
,,,,,,,
,,,,,,,
,,,,,,,
,,,,,,,
,,,,,,,
,,,,,,,
,,,,,,,
,,,,,,,
,,,,,,,
,,,,,,,
,,,,,,,
,,,,,,,
,,,,,,,
,,,,,,,
,,,,,,,
,,,,,,,
,,,,,,,
,,,,,,,
,,,,,,,
,,,,,,,
,,,,,,,
,,,,,,,
,,,,,,,
,,,,,,,
,,,,,,,
,,,,,,,
,,,,,,,
,,,,,,,
,,,,,,,
,,,,,,,
,,,,,,,
,,,,,,,
,,,,,,,
,,,,,,,
,,,,,,,
,,,,,,,
,,,,,,,
,,,,,,,
,,,,,,,
,,,,,,,
,,,,,,,
,,,,,,,
,,,,,,,
,,,,,,,
,,,,,,,
,,,,,,,
,,,,,,,
,,,,,,,
,,,,,,,
,,,,,,,
,,,,,,,
,,,,,,,
,,,,,,,
,,,,,,,
,,,,,,,
,,,,,,,
,,,,,,,
,,,,,,,
,,,,,,,
,,,,,,,
,,,,,,,
,,,,,,,
,,,,,,,
,,,,,,,
,,,,,,,
,,,,,,,
,,,,,,,
,,,,,,,
,,,,,,,
,,,,,,,
,,,,,,,
,,,,,,,
,,,,,,,
,,,,,,,
,,,,,,,
,,,,,,,
,,,,,,,
,,,,,,,
,,,,,,,
,,,,,,,
,,,,,,,
,,,,,,,
,,,,,,,
,,,,,,,
,,,,,,,
,,,,,,,
,,,,,,,
,,,,,,,
,,,,,,,
,,,,,,,
,,,,,,,
,,,,,,,
,,,,,,,
,,,,,,,
,,,,,,,
,,,,,,,
,,,,,,,
,,,,,,,
,,,,,,,
,,,,,,,
,,,,,,,
,,,,,,,
,,,,,,,
,,,,,,,
,,,,,,,
,,,,,,,
,,,,,,,
,,,,,,,
,,,,,,,
,,,,,,,
,,,,,,,
,,,,,,,
,,,,,,,
,,,,,,,
,,,,,,,
,,,,,,,
,,,,,,,
,,,,,,,
,,,,,,,
,,,,,,,
,,,,,,,
,,,,,,,
,,,,,,,
,,,,,,,
,,,,,,,
,,,,,,,
,,,,,,,
,,,,,,,
,,,,,,,
,,,,,,,
,,,,,,,
,,,,,,,
,,,,,,,
,,,,,,,
,,,,,,,
,,,,,,,
,,,,,,,
,,,,,,,
,,,,,,,
,,,,,,,
,,,,,,,
,,,,,,,
,,,,,,,
,,,,,,,
,,,,,,,
,,,,,,,
,,,,,,,
,,,,,,,
,,,,,,,
,,,,,,,
,,,,,,,
,,,,,,,
,,,,,,,
,,,,,,,
,,,,,,,
,,,,,,,
,,,,,,,
,,,,,,,
,,,,,,,
,,,,,,,
,,,,,,,
,,,,,,,
,,,,,,,
,,,,,,,
,,,,,,,
,,,,,,,
,,,,,,,
,,,,,,,
,,,,,,,
,,,,,,,
,,,,,,,
,,,,,,,
,,,,,,,
,,,,,,,
,,,,,,,
,,,,,,,
,,,,,,,
,,,,,,,
,,,,,,,
,,,,,,,
,,,,,,,
,,,,,,,
,,,,,,,
,,,,,,,
,,,,,,,
,,,,,,,
,,,,,,,
,,,,,,,
,,,,,,,
,,,,,,,
,,,,,,,
,,,,,,,
,,,,,,,
,,,,,,,
,,,,,,,
,,,,,,,
,,,,,,,
,,,,,,,
,,,,,,,
,,,,,,,
,,,,,,,
,,,,,,,
,,,,,,,
,,,,,,,
,,,,,,,
,,,,,,,
,,,,,,,
,,,,,,,
,,,,,,,
,,,,,,,
,,,,,,,
,,,,,,,
,,,,,,,
,,,,,,,
,,,,,,,
,,,,,,,
,,,,,,,
,,,,,,,
,,,,,,,
,,,,,,,
,,,,,,,
,,,,,,,
,,,,,,,
,,,,,,,
,,,,,,,
,,,,,,,
,,,,,,,
,,,,,,,
,,,,,,,
,,,,,,,
,,,,,,,
,,,,,,,
,,,,,,,
,,,,,,,
,,,,,,,
,,,,,,,
,,,,,,,
,,,,,,,
,,,,,,,
,,,,,,,
,,,,,,,
,,,,,,,
,,,,,,,
,,,,,,,
,,,,,,,
,,,,,,,
,,,,,,,
,,,,,,,
,,,,,,,
,,,,,,,
,,,,,,,
,,,,,,,
,,,,,,,
,,,,,,,
,,,,,,,
,,,,,,,
,,,,,,,
,,,,,,,
,,,,,,,
,,,,,,,
,,,,,,,
,,,,,,,
,,,,,,,
,,,,,,,
,,,,,,,
,,,,,,,
,,,,,,,
,,,,,,,
,,,,,,,
,,,,,,,
,,,,,,,
,,,,,,,
,,,,,,,
,,,,,,,
,,,,,,,
,,,,,,,
,,,,,,,
,,,,,,,
,,,,,,,
,,,,,,,
,,,,,,,
,,,,,,,
,,,,,,,
,,,,,,,
,,,,,,,
,,,,,,,
,,,,,,,
,,,,,,,
,,,,,,,
,,,,,,,
,,,,,,,
,,,,,,,
,,,,,,,
,,,,,,,
,,,,,,,
,,,,,,,
,,,,,,,
,,,,,,,
,,,,,,,
,,,,,,,
,,,,,,,
,,,,,,,
,,,,,,,
,,,,,,,
,,,,,,,
,,,,,,,
,,,,,,,
,,,,,,,
,,,,,,,
,,,,,,,
,,,,,,,
,,,,,,,
,,,,,,,
,,,,,,,
,,,,,,,
,,,,,,,
,,,,,,,
,,,,,,,
,,,,,,,
,,,,,,,
,,,,,,,
,,,,,,,
,,,,,,,
,,,,,,,
,,,,,,,
,,,,,,,
,,,,,,,
,,,,,,,
,,,,,,,
,,,,,,,
,,,,,,,
,,,,,,,
,,,,,,,
,,,,,,,
,,,,,,,
,,,,,,,
,,,,,,,
,,,,,,,
,,,,,,,
,,,,,,,
,,,,,,,
,,,,,,,
,,,,,,,
,,,,,,,
,,,,,,,
,,,,,,,
,,,,,,,
,,,,,,,
,,,,,,,
,,,,,,,
,,,,,,,
,,,,,,,
,,,,,,,
,,,,,,,
,,,,,,,
,,,,,,,
,,,,,,,
,,,,,,,
,,,,,,,
,,,,,,,
,,,,,,,
,,,,,,,
,,,,,,,
,,,,,,,
,,,,,,,
,,,,,,,
,,,,,,,
,,,,,,,
,,,,,,,
,,,,,,,
,,,,,,,
,,,,,,,
,,,,,,,
,,,,,,,
,,,,,,,
,,,,,,,
,,,,,,,
,,,,,,,
,,,,,,,
,,,,,,,
,,,,,,,
,,,,,,,
,,,,,,,
,,,,,,,
,,,,,,,
,,,,,,,
,,,,,,,
,,,,,,,
,,,,,,,
,,,,,,,
,,,,,,,
,,,,,,,
,,,,,,,
,,,,,,,
,,,,,,,
,,,,,,,
,,,,,,,
,,,,,,,
,,,,,,,
,,,,,,,
,,,,,,,
,,,,,,,
,,,,,,,
,,,,,,,
,,,,,,,
,,,,,,,
,,,,,,,
,,,,,,,
,,,,,,,
,,,,,,,
,,,,,,,
,,,,,,,
,,,,,,,
,,,,,,,
,,,,,,,
,,,,,,,
,,,,,,,
,,,,,,,
,,,,,,,
,,,,,,,
,,,,,,,
,,,,,,,
,,,,,,,
,,,,,,,
,,,,,,,
,,,,,,,
,,,,,,,
,,,,,,,
,,,,,,,
,,,,,,,
,,,,,,,
,,,,,,,
,,,,,,,
,,,,,,,
,,,,,,,
,,,,,,,
,,,,,,,
,,,,,,,
,,,,,,,
,,,,,,,
,,,,,,,
,,,,,,,
,,,,,,,
,,,,,,,
,,,,,,,
,,,,,,,
,,,,,,,
,,,,,,,
,,,,,,,
,,,,,,,
,,,,,,,
,,,,,,,
,,,,,,,
,,,,,,,
,,,,,,,
,,,,,,,
,,,,,,,
,,,,,,,
,,,,,,,
,,,,,,,
,,,,,,,
,,,,,,,
,,,,,,,
,,,,,,,
,,,,,,,
,,,,,,,
,,,,,,,
,,,,,,,
,,,,,,,
,,,,,,,
,,,,,,,
,,,,,,,
,,,,,,,
,,,,,,,
,,,,,,,
,,,,,,,
,,,,,,,
,,,,,,,
,,,,,,,
,,,,,,,
,,,,,,,
,,,,,,,
,,,,,,,
,,,,,,,
,,,,,,,
,,,,,,,
,,,,,,,
,,,,,,,
,,,,,,,
,,,,,,,
,,,,,,,
,,,,,,,
,,,,,,,
,,,,,,,
,,,,,,,
,,,,,,,
,,,,,,,
,,,,,,,
,,,,,,,
,,,,,,,
,,,,,,,
,,,,,,,
,,,,,,,
,,,,,,,
,,,,,,,
,,,,,,,
,,,,,,,
,,,,,,,
,,,,,,,
,,,,,,,
,,,,,,,
,,,,,,,
,,,,,,,
,,,,,,,
,,,,,,,
,,,,,,,
,,,,,,,
,,,,,,,
,,,,,,,
,,,,,,,
,,,,,,,
,,,,,,,
,,,,,,,
,,,,,,,
,,,,,,,
,,,,,,,
,,,,,,,
,,,,,,,
,,,,,,,
,,,,,,,
,,,,,,,
,,,,,,,
,,,,,,,
,,,,,,,
,,,,,,,
,,,,,,,
,,,,,,,
,,,,,,,
,,,,,,,
,,,,,,,
,,,,,,,
,,,,,,,
,,,,,,,
,,,,,,,
,,,,,,,
,,,,,,,
,,,,,,,
,,,,,,,
,,,,,,,
,,,,,,,
,,,,,,,
,,,,,,,
,,,,,,,
,,,,,,,
,,,,,,,
,,,,,,,
,,,,,,,
,,,,,,,
,,,,,,,
,,,,,,,
,,,,,,,
,,,,,,,
,,,,,,,
,,,,,,,
,,,,,,,
,,,,,,,
,,,,,,,
,,,,,,,
,,,,,,,
,,,,,,,
,,,,,,,
,,,,,,,
,,,,,,,
,,,,,,,
,,,,,,,
,,,,,,,
,,,,,,,
,,,,,,,
,,,,,,,
,,,,,,,
,,,,,,,
,,,,,,,
,,,,,,,
,,,,,,,
,,,,,,,
,,,,,,,
,,,,,,,
,,,,,,,
,,,,,,,
,,,,,,,
,,,,,,,
,,,,,,,
,,,,,,,
,,,,,,,
,,,,,,,
,,,,,,,
,,,,,,,
,,,,,,,
,,,,,,,
,,,,,,,
,,,,,,,
,,,,,,,
,,,,,,,
,,,,,,,
,,,,,,,
,,,,,,,
,,,,,,,
,,,,,,,
,,,,,,,
,,,,,,,
,,,,,,,
,,,,,,,
,,,,,,,
,,,,,,,
,,,,,,,
,,,,,,,
,,,,,,,
,,,,,,,
,,,,,,,
,,,,,,,
,,,,,,,
,,,,,,,
,,,,,,,
,,,,,,,
,,,,,,,
,,,,,,,
,,,,,,,
,,,,,,,
,,,,,,,
,,,,,,,
,,,,,,,
,,,,,,,
,,,,,,,
,,,,,,,
,,,,,,,
,,,,,,,
,,,,,,,
,,,,,,,
,,,,,,,
,,,,,,,
,,,,,,,
,,,,,,,
,,,,,,,
,,,,,,,
,,,,,,,
,,,,,,,
,,,,,,,
,,,,,,,
,,,,,,,
,,,,,,,
,,,,,,,
,,,,,,,
,,,,,,,
,,,,,,,
,,,,,,,
,,,,,,,
,,,,,,,
,,,,,,,
,,,,,,,
,,,,,,,
,,,,,,,
,,,,,,,
,,,,,,,
,,,,,,,
,,,,,,,
,,,,,,,
,,,,,,,
,,,,,,,
,,,,,,,
,,,,,,,
,,,,,,,
,,,,,,,
,,,,,,,
,,,,,,,
,,,,,,,
,,,,,,,
,,,,,,,
,,,,,,,
,,,,,,,
,,,,,,,
,,,,,,,
,,,,,,,
,,,,,,,
,,,,,,,
,,,,,,,
,,,,,,,
,,,,,,,
,,,,,,,
,,,,,,,
,,,,,,,
,,,,,,,
,,,,,,,
,,,,,,,
,,,,,,,
,,,,,,,
,,,,,,,
,,,,,,,
,,,,,,,
,,,,,,,
,,,,,,,
,,,,,,,
,,,,,,,
,,,,,,,
,,,,,,,
,,,,,,,
,,,,,,,
,,,,,,,
,,,,,,,
,,,,,,,
,,,,,,,
,,,,,,,
,,,,,,,
,,,,,,,
,,,,,,,
,,,,,,,
,,,,,,,
,,,,,,,
,,,,,,,
,,,,,,,
,,,,,,,
,,,,,,,
,,,,,,,
,,,,,,,
,,,,,,,
,,,,,,,
,,,,,,,
,,,,,,,
,,,,,,,
,,,,,,,
,,,,,,,
,,,,,,,
,,,,,,,
,,,,,,,
,,,,,,,
,,,,,,,
,,,,,,,
,,,,,,,
,,,,,,,
,,,,,,,
,,,,,,,
,,,,,,,
,,,,,,,
,,,,,,,
,,,,,,,
,,,,,,,
,,,,,,,
,,,,,,,
,,,,,,,
,,,,,,,
,,,,,,,
,,,,,,,
,,,,,,,
,,,,,,,
,,,,,,,
,,,,,,,
,,,,,,,
,,,,,,,
,,,,,,,
,,,,,,,
,,,,,,,
,,,,,,,
,,,,,,,
,,,,,,,
,,,,,,,
,,,,,,,
,,,,,,,
,,,,,,,
,,,,,,,
,,,,,,,
,,,,,,,
,,,,,,,
,,,,,,,
,,,,,,,
,,,,,,,
,,,,,,,
,,,,,,,
,,,,,,,
,,,,,,,
,,,,,,,
,,,,,,,
,,,,,,,
,,,,,,,
,,,,,,,
,,,,,,,
,,,,,,,
,,,,,,,
,,,,,,,
,,,,,,,
,,,,,,,
,,,,,,,
,,,,,,,
,,,,,,,
,,,,,,,
,,,,,,,
,,,,,,,
,,,,,,,
,,,,,,,
,,,,,,,
,,,,,,,
,,,,,,,
,,,,,,,
,,,,,,,
,,,,,,,
,,,,,,,
,,,,,,,
,,,,,,,
,,,,,,,
,,,,,,,
,,,,,,,
,,,,,,,
,,,,,,,
,,,,,,,
,,,,,,,
,,,,,,,
,,,,,,,
,,,,,,,
,,,,,,,
,,,,,,,
,,,,,,,
,,,,,,,
,,,,,,,
,,,,,,,
,,,,,,,
,,,,,,,
,,,,,,,
,,,,,,,
,,,,,,,
,,,,,,,
,,,,,,,
,,,,,,,
,,,,,,,
,,,,,,,
,,,,,,,
,,,,,,,
,,,,,,,
,,,,,,,
,,,,,,,
,,,,,,,
,,,,,,,
,,,,,,,
,,,,,,,
,,,,,,,
,,,,,,,
,,,,,,,
,,,,,,,
,,,,,,,
,,,,,,,
,,,,,,,
,,,,,,,
,,,,,,,
,,,,,,,
,,,,,,,
,,,,,,,
,,,,,,,
,,,,,,,
,,,,,,,
,,,,,,,
,,,,,,,
,,,,,,,
,,,,,,,
,,,,,,,
,,,,,,,
,,,,,,,
,,,,,,,
,,,,,,,
,,,,,,,
,,,,,,,
,,,,,,,
,,,,,,,
,,,,,,,
,,,,,,,
,,,,,,,
,,,,,,,
,,,,,,,
,,,,,,,
,,,,,,,
,,,,,,,
,,,,,,,
,,,,,,,
,,,,,,,
,,,,,,,
,,,,,,,
,,,,,,,
,,,,,,,
,,,,,,,
,,,,,,,
,,,,,,,
,,,,,,,
,,,,,,,
,,,,,,,
,,,,,,,
,,,,,,,
,,,,,,,
,,,,,,,
,,,,,,,
,,,,,,,
,,,,,,,
,,,,,,,
,,,,,,,
,,,,,,,
,,,,,,,
,,,,,,,
,,,,,,,
,,,,,,,
,,,,,,,
,,,,,,,
,,,,,,,
,,,,,,,
,,,,,,,
,,,,,,,
,,,,,,,
,,,,,,,
,,,,,,,
,,,,,,,
,,,,,,,
,,,,,,,
,,,,,,,
,,,,,,,
,,,,,,,
,,,,,,,
,,,,,,,
,,,,,,,
,,,,,,,
,,,,,,,
,,,,,,,
,,,,,,,
,,,,,,,
,,,,,,,
,,,,,,,
,,,,,,,
,,,,,,,
,,,,,,,
,,,,,,,
,,,,,,,
,,,,,,,
,,,,,,,
,,,,,,,
,,,,,,,
,,,,,,,
,,,,,,,
,,,,,,,
,,,,,,,
,,,,,,,
,,,,,,,
,,,,,,,
,,,,,,,
,,,,,,,
,,,,,,,
,,,,,,,
,,,,,,,
,,,,,,,
,,,,,,,
,,,,,,,
,,,,,,,
,,,,,,,
,,,,,,,
,,,,,,,
,,,,,,,
,,,,,,,
,,,,,,,
,,,,,,,
,,,,,,,
,,,,,,,
,,,,,,,
,,,,,,,
,,,,,,,
,,,,,,,
,,,,,,,
,,,,,,,
,,,,,,,
,,,,,,,
,,,,,,,
,,,,,,,
,,,,,,,
,,,,,,,
,,,,,,,
,,,,,,,
,,,,,,,
,,,,,,,
,,,,,,,
,,,,,,,
,,,,,,,
,,,,,,,
,,,,,,,
,,,,,,,
,,,,,,,
,,,,,,,
,,,,,,,
,,,,,,,
,,,,,,,
,,,,,,,
,,,,,,,
,,,,,,,
,,,,,,,
,,,,,,,
,,,,,,,
,,,,,,,
,,,,,,,
,,,,,,,
,,,,,,,
,,,,,,,
,,,,,,,
,,,,,,,
,,,,,,,
,,,,,,,
,,,,,,,
,,,,,,,
,,,,,,,
,,,,,,,
,,,,,,,
,,,,,,,
,,,,,,,
,,,,,,,
,,,,,,,
,,,,,,,
,,,,,,,
,,,,,,,
,,,,,,,
,,,,,,,
,,,,,,,
,,,,,,,
,,,,,,,
,,,,,,,
,,,,,,,
,,,,,,,
,,,,,,,
,,,,,,,
,,,,,,,
,,,,,,,
,,,,,,,
,,,,,,,
,,,,,,,
,,,,,,,
,,,,,,,
,,,,,,,
,,,,,,,
,,,,,,,
,,,,,,,
,,,,,,,
,,,,,,,
,,,,,,,
,,,,,,,
,,,,,,,
,,,,,,,
,,,,,,,
,,,,,,,
,,,,,,,
,,,,,,,
,,,,,,,
,,,,,,,
,,,,,,,
,,,,,,,
,,,,,,,
,,,,,,,
,,,,,,,
,,,,,,,
,,,,,,,
,,,,,,,
,,,,,,,
,,,,,,,
,,,,,,,
,,,,,,,
,,,,,,,
,,,,,,,
,,,,,,,
,,,,,,,
,,,,,,,
,,,,,,,
,,,,,,,
,,,,,,,
,,,,,,,
,,,,,,,
,,,,,,,
,,,,,,,
,,,,,,,
,,,,,,,
,,,,,,,
,,,,,,,
,,,,,,,
,,,,,,,
,,,,,,,
,,,,,,,
,,,,,,,
,,,,,,,
,,,,,,,
,,,,,,,
,,,,,,,
,,,,,,,
,,,,,,,
,,,,,,,
,,,,,,,
,,,,,,,
,,,,,,,
,,,,,,,
,,,,,,,
,,,,,,,
,,,,,,,
,,,,,,,
,,,,,,,
,,,,,,,
,,,,,,,
,,,,,,,
,,,,,,,
,,,,,,,
,,,,,,,
,,,,,,,
,,,,,,,
,,,,,,,
,,,,,,,
,,,,,,,
,,,,,,,
,,,,,,,
,,,,,,,
,,,,,,,
,,,,,,,
,,,,,,,
,,,,,,,
,,,,,,,
,,,,,,,
,,,,,,,
,,,,,,,
,,,,,,,
,,,,,,,
,,,,,,,
,,,,,,,
,,,,,,,
,,,,,,,
,,,,,,,
,,,,,,,
,,,,,,,
,,,,,,,
,,,,,,,
,,,,,,,
,,,,,,,
,,,,,,,
,,,,,,,
,,,,,,,
,,,,,,,
,,,,,,,
,,,,,,,
,,,,,,,
,,,,,,,
,,,,,,,
,,,,,,,
,,,,,,,
,,,,,,,
,,,,,,,
,,,,,,,
,,,,,,,
,,,,,,,
,,,,,,,
,,,,,,,
,,,,,,,
,,,,,,,
,,,,,,,
,,,,,,,
,,,,,,,
,,,,,,,
,,,,,,,
,,,,,,,
,,,,,,,
,,,,,,,
,,,,,,,
,,,,,,,
,,,,,,,
,,,,,,,
,,,,,,,
,,,,,,,
,,,,,,,
,,,,,,,
,,,,,,,
,,,,,,,
,,,,,,,
,,,,,,,
,,,,,,,
,,,,,,,
,,,,,,,
,,,,,,,
,,,,,,,
,,,,,,,
,,,,,,,
,,,,,,,
,,,,,,,
,,,,,,,
,,,,,,,
,,,,,,,
,,,,,,,
,,,,,,,
,,,,,,,
,,,,,,,
,,,,,,,
,,,,,,,
,,,,,,,
,,,,,,,
,,,,,,,
,,,,,,,
,,,,,,,
,,,,,,,
,,,,,,,
,,,,,,,
,,,,,,,
,,,,,,,
,,,,,,,
,,,,,,,
,,,,,,,
,,,,,,,
,,,,,,,
,,,,,,,
,,,,,,,
,,,,,,,
,,,,,,,
,,,,,,,
,,,,,,,
,,,,,,,
,,,,,,,
,,,,,,,
,,,,,,,
,,,,,,,
,,,,,,,
,,,,,,,
,,,,,,,
,,,,,,,
,,,,,,,
,,,,,,,
,,,,,,,
,,,,,,,
,,,,,,,
,,,,,,,
,,,,,,,
,,,,,,,
,,,,,,,
,,,,,,,
,,,,,,,
,,,,,,,
,,,,,,,
,,,,,,,
,,,,,,,
,,,,,,,
,,,,,,,
,,,,,,,
,,,,,,,
,,,,,,,
,,,,,,,
,,,,,,,
,,,,,,,
,,,,,,,
,,,,,,,
,,,,,,,
,,,,,,,
,,,,,,,
,,,,,,,
,,,,,,,
,,,,,,,
,,,,,,,
,,,,,,,
,,,,,,,
,,,,,,,
,,,,,,,
,,,,,,,
,,,,,,,
,,,,,,,
,,,,,,,
,,,,,,,
,,,,,,,
,,,,,,,
,,,,,,,
,,,,,,,
,,,,,,,
,,,,,,,
,,,,,,,
,,,,,,,
,,,,,,,
,,,,,,,
,,,,,,,
,,,,,,,
,,,,,,,
,,,,,,,
,,,,,,,
,,,,,,,
,,,,,,,
,,,,,,,
,,,,,,,
,,,,,,,
,,,,,,,
,,,,,,,
,,,,,,,
,,,,,,,
,,,,,,,
,,,,,,,
,,,,,,,
,,,,,,,
,,,,,,,
,,,,,,,
,,,,,,,
,,,,,,,
,,,,,,,
,,,,,,,
,,,,,,,
,,,,,,,
,,,,,,,
,,,,,,,
,,,,,,,
,,,,,,,
,,,,,,,
,,,,,,,
,,,,,,,
,,,,,,,
,,,,,,,
,,,,,,,
,,,,,,,
,,,,,,,
,,,,,,,
,,,,,,,
,,,,,,,
,,,,,,,
,,,,,,,
,,,,,,,
,,,,,,,
,,,,,,,
,,,,,,,
,,,,,,,
,,,,,,,
,,,,,,,
,,,,,,,
,,,,,,,
,,,,,,,
,,,,,,,
,,,,,,,
,,,,,,,
,,,,,,,
,,,,,,,
,,,,,,,
,,,,,,,
,,,,,,,
,,,,,,,
,,,,,,,
,,,,,,,
,,,,,,,
,,,,,,,
,,,,,,,
,,,,,,,
,,,,,,,
,,,,,,,
,,,,,,,
,,,,,,,
,,,,,,,
,,,,,,,
,,,,,,,
,,,,,,,
,,,,,,,
,,,,,,,
,,,,,,,
,,,,,,,
,,,,,,,
,,,,,,,
,,,,,,,
,,,,,,,
,,,,,,,
,,,,,,,
,,,,,,,
,,,,,,,
,,,,,,,
,,,,,,,
,,,,,,,
,,,,,,,
,,,,,,,
,,,,,,,
,,,,,,,
,,,,,,,
,,,,,,,
,,,,,,,
,,,,,,,
,,,,,,,
,,,,,,,
,,,,,,,
,,,,,,,
,,,,,,,
,,,,,,,
,,,,,,,
,,,,,,,
,,,,,,,
,,,,,,,
,,,,,,,
,,,,,,,
,,,,,,,
,,,,,,,
,,,,,,,
,,,,,,,
,,,,,,,
,,,,,,,
,,,,,,,
,,,,,,,
,,,,,,,
,,,,,,,
,,,,,,,
,,,,,,,
,,,,,,,
,,,,,,,
,,,,,,,
,,,,,,,
,,,,,,,
,,,,,,,
,,,,,,,
,,,,,,,
,,,,,,,
,,,,,,,
,,,,,,,
,,,,,,,
,,,,,,,
,,,,,,,
,,,,,,,
,,,,,,,
,,,,,,,
,,,,,,,
,,,,,,,
,,,,,,,
,,,,,,,
,,,,,,,
,,,,,,,
,,,,,,,
,,,,,,,
,,,,,,,
,,,,,,,
,,,,,,,
,,,,,,,
,,,,,,,
,,,,,,,
,,,,,,,
,,,,,,,
,,,,,,,
,,,,,,,
,,,,,,,
,,,,,,,
,,,,,,,
,,,,,,,
,,,,,,,
,,,,,,,
,,,,,,,
,,,,,,,
,,,,,,,
,,,,,,,
,,,,,,,
,,,,,,,
,,,,,,,
,,,,,,,
,,,,,,,
,,,,,,,
,,,,,,,
,,,,,,,
,,,,,,,
,,,,,,,
,,,,,,,
,,,,,,,
,,,,,,,
,,,,,,,
,,,,,,,
,,,,,,,
,,,,,,,
,,,,,,,
,,,,,,,
,,,,,,,
,,,,,,,
,,,,,,,
,,,,,,,
,,,,,,,
,,,,,,,
,,,,,,,
,,,,,,,
,,,,,,,
,,,,,,,
,,,,,,,
,,,,,,,
,,,,,,,
,,,,,,,
,,,,,,,
,,,,,,,
,,,,,,,
,,,,,,,
,,,,,,,
,,,,,,,
,,,,,,,
,,,,,,,
,,,,,,,
,,,,,,,
,,,,,,,
,,,,,,,
,,,,,,,
,,,,,,,
,,,,,,,
,,,,,,,
,,,,,,,
,,,,,,,
,,,,,,,
,,,,,,,
,,,,,,,
,,,,,,,
,,,,,,,
,,,,,,,
,,,,,,,
,,,,,,,
,,,,,,,
,,,,,,,
,,,,,,,
,,,,,,,
,,,,,,,
,,,,,,,
,,,,,,,
,,,,,,,
,,,,,,,
,,,,,,,
,,,,,,,
,,,,,,,
,,,,,,,
,,,,,,,
,,,,,,,
,,,,,,,
,,,,,,,
,,,,,,,
,,,,,,,
,,,,,,,
,,,,,,,
,,,,,,,
,,,,,,,
,,,,,,,
,,,,,,,
,,,,,,,
,,,,,,,
,,,,,,,
,,,,,,,
,,,,,,,
,,,,,,,
,,,,,,,
,,,,,,,
,,,,,,,
,,,,,,,
,,,,,,,
,,,,,,,
,,,,,,,
,,,,,,,
,,,,,,,
,,,,,,,
,,,,,,,
,,,,,,,
,,,,,,,
,,,,,,,
,,,,,,,
,,,,,,,
,,,,,,,
,,,,,,,
,,,,,,,
,,,,,,,
,,,,,,,
,,,,,,,
,,,,,,,
,,,,,,,
,,,,,,,
,,,,,,,
,,,,,,,
,,,,,,,
,,,,,,,
,,,,,,,
,,,,,,,
,,,,,,,
,,,,,,,
,,,,,,,
,,,,,,,
,,,,,,,
,,,,,,,
,,,,,,,
,,,,,,,
,,,,,,,
,,,,,,,
,,,,,,,
,,,,,,,
,,,,,,,
,,,,,,,
,,,,,,,
,,,,,,,
,,,,,,,
,,,,,,,
,,,,,,,
,,,,,,,
,,,,,,,
,,,,,,,
,,,,,,,
,,,,,,,
,,,,,,,
,,,,,,,
,,,,,,,
,,,,,,,
,,,,,,,
,,,,,,,
,,,,,,,
,,,,,,,
,,,,,,,
,,,,,,,
,,,,,,,
,,,,,,,
,,,,,,,
,,,,,,,
,,,,,,,
,,,,,,,
,,,,,,,
,,,,,,,
,,,,,,,
,,,,,,,
,,,,,,,
,,,,,,,
,,,,,,,
,,,,,,,
,,,,,,,
,,,,,,,
,,,,,,,
,,,,,,,
,,,,,,,
,,,,,,,
,,,,,,,
,,,,,,,
,,,,,,,
,,,,,,,
,,,,,,,
,,,,,,,
,,,,,,,
,,,,,,,
,,,,,,,
,,,,,,,
,,,,,,,
,,,,,,,
,,,,,,,
,,,,,,,
,,,,,,,
,,,,,,,
,,,,,,,
,,,,,,,
,,,,,,,
,,,,,,,
,,,,,,,
,,,,,,,
,,,,,,,
,,,,,,,
,,,,,,,
,,,,,,,
,,,,,,,
,,,,,,,
,,,,,,,
,,,,,,,
,,,,,,,
,,,,,,,
,,,,,,,
,,,,,,,
,,,,,,,
,,,,,,,
,,,,,,,
,,,,,,,
,,,,,,,
,,,,,,,
,,,,,,,
,,,,,,,
,,,,,,,
,,,,,,,
,,,,,,,
,,,,,,,
,,,,,,,
,,,,,,,
,,,,,,,
,,,,,,,
,,,,,,,
,,,,,,,
,,,,,,,
,,,,,,,
,,,,,,,
,,,,,,,
,,,,,,,
,,,,,,,
,,,,,,,
,,,,,,,
,,,,,,,
,,,,,,,
,,,,,,,
,,,,,,,
,,,,,,,
,,,,,,,
,,,,,,,
,,,,,,,
,,,,,,,
,,,,,,,
,,,,,,,
,,,,,,,
,,,,,,,
,,,,,,,
,,,,,,,
,,,,,,,
,,,,,,,
,,,,,,,
,,,,,,,
,,,,,,,
,,,,,,,
,,,,,,,
,,,,,,,
,,,,,,,
,,,,,,,
,,,,,,,
,,,,,,,
,,,,,,,
,,,,,,,
,,,,,,,
,,,,,,,
,,,,,,,
,,,,,,,
,,,,,,,
,,,,,,,
,,,,,,,
,,,,,,,
,,,,,,,
,,,,,,,
,,,,,,,
,,,,,,,
,,,,,,,
,,,,,,,
,,,,,,,
,,,,,,,
,,,,,,,
,,,,,,,
,,,,,,,
,,,,,,,
,,,,,,,
,,,,,,,
,,,,,,,
,,,,,,,
,,,,,,,
,,,,,,,
,,,,,,,
,,,,,,,
,,,,,,,
,,,,,,,
,,,,,,,
,,,,,,,
,,,,,,,
,,,,,,,
,,,,,,,
,,,,,,,
,,,,,,,
,,,,,,,
,,,,,,,
,,,,,,,
,,,,,,,
,,,,,,,
,,,,,,,
,,,,,,,
,,,,,,,
,,,,,,,
,,,,,,,
,,,,,,,
,,,,,,,
,,,,,,,
,,,,,,,
,,,,,,,
,,,,,,,
,,,,,,,
,,,,,,,
,,,,,,,
,,,,,,,
,,,,,,,
,,,,,,,
,,,,,,,
,,,,,,,
,,,,,,,
,,,,,,,
,,,,,,,
,,,,,,,
,,,,,,,
,,,,,,,
,,,,,,,
,,,,,,,
,,,,,,,
,,,,,,,
,,,,,,,
,,,,,,,
,,,,,,,
,,,,,,,
,,,,,,,
,,,,,,,
,,,,,,,
,,,,,,,
,,,,,,,
,,,,,,,
,,,,,,,
,,,,,,,
,,,,,,,
,,,,,,,
,,,,,,,
,,,,,,,
,,,,,,,
,,,,,,,
,,,,,,,
,,,,,,,
,,,,,,,
,,,,,,,
,,,,,,,
,,,,,,,
,,,,,,,
,,,,,,,
,,,,,,,
,,,,,,,
,,,,,,,
,,,,,,,
,,,,,,,
,,,,,,,
,,,,,,,
,,,,,,,
,,,,,,,
,,,,,,,
,,,,,,,
,,,,,,,
,,,,,,,
,,,,,,,
,,,,,,,
,,,,,,,
,,,,,,,
,,,,,,,
,,,,,,,
,,,,,,,
,,,,,,,
,,,,,,,
,,,,,,,
,,,,,,,
,,,,,,,
,,,,,,,
,,,,,,,
,,,,,,,
,,,,,,,
,,,,,,,
,,,,,,,
,,,,,,,
,,,,,,,
,,,,,,,
,,,,,,,
,,,,,,,
,,,,,,,
,,,,,,,
,,,,,,,
,,,,,,,
,,,,,,,
,,,,,,,
,,,,,,,
,,,,,,,
,,,,,,,
,,,,,,,
,,,,,,,
,,,,,,,
,,,,,,,
,,,,,,,
,,,,,,,
,,,,,,,
,,,,,,,
,,,,,,,
,,,,,,,
,,,,,,,
,,,,,,,
,,,,,,,
,,,,,,,
,,,,,,,
,,,,,,,
,,,,,,,
,,,,,,,
,,,,,,,
,,,,,,,
,,,,,,,
,,,,,,,
,,,,,,,
,,,,,,,
,,,,,,,
,,,,,,,
,,,,,,,
,,,,,,,
,,,,,,,
,,,,,,,
,,,,,,,
,,,,,,,
,,,,,,,
,,,,,,,
,,,,,,,
,,,,,,,
,,,,,,,
,,,,,,,
,,,,,,,
,,,,,,,
,,,,,,,
,,,,,,,
,,,,,,,
,,,,,,,
,,,,,,,
,,,,,,,
,,,,,,,
,,,,,,,
,,,,,,,
,,,,,,,
,,,,,,,
,,,,,,,
,,,,,,,
,,,,,,,
,,,,,,,
,,,,,,,
,,,,,,,
,,,,,,,
,,,,,,,
,,,,,,,
,,,,,,,
,,,,,,,
,,,,,,,
,,,,,,,
,,,,,,,
,,,,,,,
,,,,,,,
,,,,,,,
,,,,,,,
,,,,,,,
,,,,,,,
,,,,,,,
,,,,,,,
,,,,,,,
,,,,,,,
,,,,,,,
,,,,,,,
,,,,,,,
,,,,,,,
,,,,,,,
,,,,,,,
,,,,,,,
,,,,,,,
,,,,,,,
,,,,,,,
,,,,,,,
,,,,,,,
,,,,,,,
,,,,,,,
,,,,,,,
,,,,,,,
,,,,,,,
,,,,,,,
,,,,,,,
,,,,,,,
,,,,,,,
,,,,,,,
,,,,,,,
,,,,,,,
,,,,,,,
,,,,,,,
,,,,,,,
,,,,,,,
,,,,,,,
,,,,,,,
,,,,,,,
,,,,,,,
,,,,,,,
,,,,,,,
,,,,,,,
,,,,,,,
,,,,,,,
,,,,,,,
,,,,,,,
,,,,,,,
,,,,,,,
,,,,,,,
,,,,,,,
,,,,,,,
,,,,,,,
,,,,,,,
,,,,,,,
,,,,,,,
,,,,,,,
,,,,,,,
,,,,,,,
,,,,,,,
,,,,,,,
,,,,,,,
,,,,,,,
,,,,,,,
,,,,,,,
,,,,,,,
,,,,,,,
,,,,,,,
,,,,,,,
,,,,,,,
,,,,,,,
,,,,,,,
,,,,,,,
,,,,,,,
,,,,,,,
,,,,,,,
,,,,,,,
,,,,,,,
,,,,,,,
,,,,,,,
,,,,,,,
,,,,,,,
,,,,,,,
,,,,,,,
,,,,,,,
,,,,,,,
,,,,,,,
,,,,,,,
,,,,,,,
,,,,,,,
,,,,,,,
,,,,,,,
,,,,,,,
,,,,,,,
,,,,,,,
,,,,,,,
,,,,,,,
,,,,,,,
,,,,,,,
,,,,,,,
,,,,,,,
,,,,,,,
,,,,,,,
,,,,,,,
,,,,,,,
,,,,,,,
,,,,,,,
,,,,,,,
,,,,,,,
,,,,,,,
,,,,,,,
,,,,,,,
,,,,,,,
,,,,,,,
,,,,,,,
,,,,,,,
,,,,,,,
,,,,,,,
,,,,,,,
,,,,,,,
,,,,,,,
,,,,,,,
,,,,,,,
,,,,,,,
,,,,,,,
,,,,,,,
,,,,,,,
,,,,,,,
,,,,,,,
,,,,,,,
,,,,,,,
,,,,,,,
,,,,,,,
,,,,,,,
,,,,,,,
,,,,,,,
,,,,,,,
,,,,,,,
,,,,,,,
,,,,,,,
,,,,,,,
,,,,,,,
,,,,,,,
,,,,,,,
,,,,,,,
,,,,,,,
,,,,,,,
,,,,,,,
,,,,,,,
,,,,,,,
,,,,,,,
,,,,,,,
,,,,,,,
,,,,,,,
,,,,,,,
,,,,,,,
,,,,,,,
,,,,,,,
,,,,,,,
,,,,,,,
,,,,,,,
,,,,,,,
,,,,,,,
,,,,,,,
,,,,,,,
,,,,,,,
,,,,,,,
,,,,,,,
,,,,,,,
,,,,,,,
,,,,,,,
,,,,,,,
,,,,,,,
,,,,,,,
,,,,,,,
,,,,,,,
,,,,,,,
,,,,,,,
,,,,,,,
,,,,,,,
,,,,,,,
,,,,,,,
,,,,,,,
,,,,,,,
,,,,,,,
,,,,,,,
,,,,,,,
,,,,,,,
,,,,,,,
,,,,,,,
,,,,,,,
,,,,,,,
,,,,,,,
,,,,,,,
,,,,,,,
,,,,,,,
,,,,,,,
,,,,,,,
,,,,,,,
,,,,,,,
,,,,,,,
,,,,,,,
,,,,,,,
,,,,,,,
,,,,,,,
,,,,,,,
,,,,,,,
,,,,,,,
,,,,,,,
,,,,,,,
,,,,,,,
,,,,,,,
,,,,,,,
,,,,,,,
,,,,,,,
,,,,,,,
,,,,,,,
,,,,,,,
,,,,,,,
,,,,,,,
,,,,,,,
,,,,,,,
,,,,,,,
,,,,,,,
,,,,,,,
,,,,,,,
,,,,,,,
,,,,,,,
,,,,,,,
,,,,,,,
,,,,,,,
,,,,,,,
,,,,,,,
,,,,,,,
,,,,,,,
,,,,,,,
,,,,,,,
,,,,,,,
,,,,,,,
,,,,,,,
,,,,,,,
,,,,,,,
,,,,,,,
,,,,,,,
,,,,,,,
,,,,,,,
,,,,,,,
,,,,,,,
,,,,,,,
,,,,,,,
,,,,,,,
,,,,,,,
,,,,,,,
,,,,,,,
,,,,,,,
,,,,,,,
,,,,,,,
,,,,,,,
,,,,,,,
,,,,,,,
,,,,,,,
,,,,,,,
,,,,,,,
,,,,,,,
,,,,,,,
,,,,,,,
,,,,,,,
,,,,,,,
,,,,,,,
,,,,,,,
